{
"type": "FeatureCollection",
"name": "correct_Stops",
"crs": { "type": "name", "properties": { "name": "urn:ogc:def:crs:OGC:1.3:CRS84" } },
"features": [
{ "type": "Feature", "properties": { "stop_id": "4074101", "stop_name": "Alexianer-Campus", "location_type": null, "parent_station": "40741P" }, "geometry": { "type": "Point", "coordinates": [ 7.566356, 51.877216 ] } },
{ "type": "Feature", "properties": { "stop_id": "4074102", "stop_name": "Alexianer-Campus", "location_type": null, "parent_station": "40741P" }, "geometry": { "type": "Point", "coordinates": [ 7.566521, 51.876625 ] } },
{ "type": "Feature", "properties": { "stop_id": "4074301", "stop_name": "Alexianerweg", "location_type": null, "parent_station": "40743P" }, "geometry": { "type": "Point", "coordinates": [ 7.559721, 51.877557 ] } },
{ "type": "Feature", "properties": { "stop_id": "4074601", "stop_name": "Kannenweg", "location_type": null, "parent_station": "40746P" }, "geometry": { "type": "Point", "coordinates": [ 7.57063, 51.884527 ] } },
{ "type": "Feature", "properties": { "stop_id": "4074602", "stop_name": "Kannenweg", "location_type": null, "parent_station": "40746P" }, "geometry": { "type": "Point", "coordinates": [ 7.571397, 51.884917 ] } },
{ "type": "Feature", "properties": { "stop_id": "4074803", "stop_name": "Hansa-BusinessPark C", "location_type": null, "parent_station": "40748P" }, "geometry": { "type": "Point", "coordinates": [ 7.578817, 51.889233 ] } },
{ "type": "Feature", "properties": { "stop_id": "4074804", "stop_name": "Hansa-BusinessPark D", "location_type": null, "parent_station": "40748P" }, "geometry": { "type": "Point", "coordinates": [ 7.57898, 51.888816 ] } },
{ "type": "Feature", "properties": { "stop_id": "4100001", "stop_name": "Hauptbahnhof A", "location_type": null, "parent_station": "41000P" }, "geometry": { "type": "Point", "coordinates": [ 7.634155, 51.9566 ] } },
{ "type": "Feature", "properties": { "stop_id": "4100002", "stop_name": "Hauptbahnhof B1", "location_type": null, "parent_station": "41000P" }, "geometry": { "type": "Point", "coordinates": [ 7.634583, 51.957351 ] } },
{ "type": "Feature", "properties": { "stop_id": "4100003", "stop_name": "Hauptbahnhof B2", "location_type": null, "parent_station": "41000P" }, "geometry": { "type": "Point", "coordinates": [ 7.634675, 51.957592 ] } },
{ "type": "Feature", "properties": { "stop_id": "4100006", "stop_name": "Hauptbahnhof C1", "location_type": null, "parent_station": "41000P" }, "geometry": { "type": "Point", "coordinates": [ 7.633551, 51.956491 ] } },
{ "type": "Feature", "properties": { "stop_id": "4100007", "stop_name": "Hauptbahnhof C2", "location_type": null, "parent_station": "41000P" }, "geometry": { "type": "Point", "coordinates": [ 7.633298, 51.95629 ] } },
{ "type": "Feature", "properties": { "stop_id": "4100008", "stop_name": "Hauptbahnhof C3", "location_type": null, "parent_station": "41000P" }, "geometry": { "type": "Point", "coordinates": [ 7.632989, 51.956073 ] } },
{ "type": "Feature", "properties": { "stop_id": "4100009", "stop_name": "Hauptbahnhof D1", "location_type": null, "parent_station": "41000P" }, "geometry": { "type": "Point", "coordinates": [ 7.634171, 51.957266 ] } },
{ "type": "Feature", "properties": { "stop_id": "4100010", "stop_name": "Hauptbahnhof D2", "location_type": null, "parent_station": "41000P" }, "geometry": { "type": "Point", "coordinates": [ 7.634251, 51.957527 ] } },
{ "type": "Feature", "properties": { "stop_id": "4102101", "stop_name": "Ludgeriplatz B", "location_type": null, "parent_station": "41021P" }, "geometry": { "type": "Point", "coordinates": [ 7.627781, 51.95587 ] } },
{ "type": "Feature", "properties": { "stop_id": "4102102", "stop_name": "Ludgeriplatz A", "location_type": null, "parent_station": "41021P" }, "geometry": { "type": "Point", "coordinates": [ 7.628274, 51.955804 ] } },
{ "type": "Feature", "properties": { "stop_id": "4102103", "stop_name": "Ludgeriplatz C", "location_type": null, "parent_station": "41021P" }, "geometry": { "type": "Point", "coordinates": [ 7.626748, 51.956198 ] } },
{ "type": "Feature", "properties": { "stop_id": "4103202", "stop_name": "Königsstraße", "location_type": null, "parent_station": "41032P" }, "geometry": { "type": "Point", "coordinates": [ 7.626347, 51.957846 ] } },
{ "type": "Feature", "properties": { "stop_id": "4104102", "stop_name": "Prinzipalmarkt", "location_type": null, "parent_station": "41041P" }, "geometry": { "type": "Point", "coordinates": [ 7.628498, 51.96252 ] } },
{ "type": "Feature", "properties": { "stop_id": "4104401", "stop_name": "Domplatz", "location_type": null, "parent_station": "41044P" }, "geometry": { "type": "Point", "coordinates": [ 7.626155, 51.962082 ] } },
{ "type": "Feature", "properties": { "stop_id": "4104801", "stop_name": "Altstadt / Bült B", "location_type": null, "parent_station": "41048P" }, "geometry": { "type": "Point", "coordinates": [ 7.630304, 51.964128 ] } },
{ "type": "Feature", "properties": { "stop_id": "4104802", "stop_name": "Altstadt / Bült A", "location_type": null, "parent_station": "41048P" }, "geometry": { "type": "Point", "coordinates": [ 7.630732, 51.963848 ] } },
{ "type": "Feature", "properties": { "stop_id": "4105101", "stop_name": "Eisenbahnstraße A", "location_type": null, "parent_station": "41051P" }, "geometry": { "type": "Point", "coordinates": [ 7.635514, 51.961741 ] } },
{ "type": "Feature", "properties": { "stop_id": "4105102", "stop_name": "Eisenbahnstraße B", "location_type": null, "parent_station": "41051P" }, "geometry": { "type": "Point", "coordinates": [ 7.635061, 51.960926 ] } },
{ "type": "Feature", "properties": { "stop_id": "4106101", "stop_name": "Servatiiplatz A", "location_type": null, "parent_station": "41061P" }, "geometry": { "type": "Point", "coordinates": [ 7.635793, 51.959346 ] } },
{ "type": "Feature", "properties": { "stop_id": "4106102", "stop_name": "Servatiiplatz B", "location_type": null, "parent_station": "41061P" }, "geometry": { "type": "Point", "coordinates": [ 7.634768, 51.95917 ] } },
{ "type": "Feature", "properties": { "stop_id": "4107101", "stop_name": "Raphaelsklinik", "location_type": null, "parent_station": "41071P" }, "geometry": { "type": "Point", "coordinates": [ 7.629511, 51.9593 ] } },
{ "type": "Feature", "properties": { "stop_id": "4109101", "stop_name": "Piusallee", "location_type": null, "parent_station": "41091P" }, "geometry": { "type": "Point", "coordinates": [ 7.638898, 51.966544 ] } },
{ "type": "Feature", "properties": { "stop_id": "4109102", "stop_name": "Piusallee", "location_type": null, "parent_station": "41091P" }, "geometry": { "type": "Point", "coordinates": [ 7.637722, 51.966371 ] } },
{ "type": "Feature", "properties": { "stop_id": "4110501", "stop_name": "Hörstertor B", "location_type": null, "parent_station": "41105P" }, "geometry": { "type": "Point", "coordinates": [ 7.63502, 51.965714 ] } },
{ "type": "Feature", "properties": { "stop_id": "4110502", "stop_name": "Hörstertor A", "location_type": null, "parent_station": "41105P" }, "geometry": { "type": "Point", "coordinates": [ 7.634967, 51.965821 ] } },
{ "type": "Feature", "properties": { "stop_id": "4110503", "stop_name": "Hörstertor C", "location_type": null, "parent_station": "41105P" }, "geometry": { "type": "Point", "coordinates": [ 7.634431, 51.966114 ] } },
{ "type": "Feature", "properties": { "stop_id": "4110504", "stop_name": "Hörstertor D", "location_type": null, "parent_station": "41105P" }, "geometry": { "type": "Point", "coordinates": [ 7.634048, 51.965943 ] } },
{ "type": "Feature", "properties": { "stop_id": "4110601", "stop_name": "Standesamt", "location_type": null, "parent_station": "41106P" }, "geometry": { "type": "Point", "coordinates": [ 7.632732, 51.965567 ] } },
{ "type": "Feature", "properties": { "stop_id": "4112101", "stop_name": "Neubrückentor", "location_type": null, "parent_station": "41121P" }, "geometry": { "type": "Point", "coordinates": [ 7.630073, 51.967773 ] } },
{ "type": "Feature", "properties": { "stop_id": "4112102", "stop_name": "Neubrückentor", "location_type": null, "parent_station": "41121P" }, "geometry": { "type": "Point", "coordinates": [ 7.629885, 51.967708 ] } },
{ "type": "Feature", "properties": { "stop_id": "4113101", "stop_name": "Maximilianstr.", "location_type": null, "parent_station": "41131P" }, "geometry": { "type": "Point", "coordinates": [ 7.631164, 51.969909 ] } },
{ "type": "Feature", "properties": { "stop_id": "4113102", "stop_name": "Maximilianstr.", "location_type": null, "parent_station": "41131P" }, "geometry": { "type": "Point", "coordinates": [ 7.631234, 51.970219 ] } },
{ "type": "Feature", "properties": { "stop_id": "4114101", "stop_name": "Kolpingstraße", "location_type": null, "parent_station": "41141P" }, "geometry": { "type": "Point", "coordinates": [ 7.634208, 51.969836 ] } },
{ "type": "Feature", "properties": { "stop_id": "4114102", "stop_name": "Kolpingstraße", "location_type": null, "parent_station": "41141P" }, "geometry": { "type": "Point", "coordinates": [ 7.634521, 51.970325 ] } },
{ "type": "Feature", "properties": { "stop_id": "4115103", "stop_name": "Niedersachsenring C", "location_type": null, "parent_station": "41151P" }, "geometry": { "type": "Point", "coordinates": [ 7.641503, 51.970884 ] } },
{ "type": "Feature", "properties": { "stop_id": "4115104", "stop_name": "Niedersachsenring D", "location_type": null, "parent_station": "41151P" }, "geometry": { "type": "Point", "coordinates": [ 7.641468, 51.97067 ] } },
{ "type": "Feature", "properties": { "stop_id": "4116101", "stop_name": "Pumpenhaus / Lublinring A", "location_type": null, "parent_station": "41161P" }, "geometry": { "type": "Point", "coordinates": [ 7.6355, 51.972539 ] } },
{ "type": "Feature", "properties": { "stop_id": "4116102", "stop_name": "Pumpenhaus / Lublinring B", "location_type": null, "parent_station": "41161P" }, "geometry": { "type": "Point", "coordinates": [ 7.635266, 51.972798 ] } },
{ "type": "Feature", "properties": { "stop_id": "4116104", "stop_name": "Pumpenhaus / Lublinring D", "location_type": null, "parent_station": "41161P" }, "geometry": { "type": "Point", "coordinates": [ 7.63588, 51.971872 ] } },
{ "type": "Feature", "properties": { "stop_id": "4116105", "stop_name": "Pumpenhaus / Lublinring E", "location_type": null, "parent_station": "41161P" }, "geometry": { "type": "Point", "coordinates": [ 7.636625, 51.973073 ] } },
{ "type": "Feature", "properties": { "stop_id": "4117101", "stop_name": "Kanalstraße", "location_type": null, "parent_station": "41171P" }, "geometry": { "type": "Point", "coordinates": [ 7.632421, 51.972282 ] } },
{ "type": "Feature", "properties": { "stop_id": "4117102", "stop_name": "Kanalstraße", "location_type": null, "parent_station": "41171P" }, "geometry": { "type": "Point", "coordinates": [ 7.631962, 51.971642 ] } },
{ "type": "Feature", "properties": { "stop_id": "4120101", "stop_name": "Langemarckstr.", "location_type": null, "parent_station": "41201P" }, "geometry": { "type": "Point", "coordinates": [ 7.627427, 51.974334 ] } },
{ "type": "Feature", "properties": { "stop_id": "4120104", "stop_name": "Langemarckstr.", "location_type": null, "parent_station": "41201P" }, "geometry": { "type": "Point", "coordinates": [ 7.629748, 51.973661 ] } },
{ "type": "Feature", "properties": { "stop_id": "4121101", "stop_name": "Cheruskerring A", "location_type": null, "parent_station": "41211P" }, "geometry": { "type": "Point", "coordinates": [ 7.622308, 51.97477 ] } },
{ "type": "Feature", "properties": { "stop_id": "4121102", "stop_name": "Cheruskerring B", "location_type": null, "parent_station": "41211P" }, "geometry": { "type": "Point", "coordinates": [ 7.623328, 51.974058 ] } },
{ "type": "Feature", "properties": { "stop_id": "4121104", "stop_name": "Cheruskerring C", "location_type": null, "parent_station": "41211P" }, "geometry": { "type": "Point", "coordinates": [ 7.624302, 51.974589 ] } },
{ "type": "Feature", "properties": { "stop_id": "4122001", "stop_name": "Nordplatz A", "location_type": null, "parent_station": "41220P" }, "geometry": { "type": "Point", "coordinates": [ 7.623107, 51.972618 ] } },
{ "type": "Feature", "properties": { "stop_id": "4122002", "stop_name": "Nordplatz B", "location_type": null, "parent_station": "41220P" }, "geometry": { "type": "Point", "coordinates": [ 7.622441, 51.972017 ] } },
{ "type": "Feature", "properties": { "stop_id": "4123101", "stop_name": "Polizeipräsidium / LWL-Klinik", "location_type": null, "parent_station": "41231P" }, "geometry": { "type": "Point", "coordinates": [ 7.616933, 51.974553 ] } },
{ "type": "Feature", "properties": { "stop_id": "4123102", "stop_name": "Polizeipräsidium / LWL-Klinik", "location_type": null, "parent_station": "41231P" }, "geometry": { "type": "Point", "coordinates": [ 7.619821, 51.974538 ] } },
{ "type": "Feature", "properties": { "stop_id": "4125001", "stop_name": "Dreifaltigkeitskirche A", "location_type": null, "parent_station": "41250P" }, "geometry": { "type": "Point", "coordinates": [ 7.612489, 51.974892 ] } },
{ "type": "Feature", "properties": { "stop_id": "4125002", "stop_name": "Dreifaltigkeitskirche B", "location_type": null, "parent_station": "41250P" }, "geometry": { "type": "Point", "coordinates": [ 7.613081, 51.974208 ] } },
{ "type": "Feature", "properties": { "stop_id": "4125003", "stop_name": "Dreifaltigkeitskirche D", "location_type": null, "parent_station": "41250P" }, "geometry": { "type": "Point", "coordinates": [ 7.613069, 51.974415 ] } },
{ "type": "Feature", "properties": { "stop_id": "4127101", "stop_name": "Hoyastraße", "location_type": null, "parent_station": "41271P" }, "geometry": { "type": "Point", "coordinates": [ 7.622248, 51.969937 ] } },
{ "type": "Feature", "properties": { "stop_id": "4127102", "stop_name": "Hoyastraße", "location_type": null, "parent_station": "41271P" }, "geometry": { "type": "Point", "coordinates": [ 7.622116, 51.970292 ] } },
{ "type": "Feature", "properties": { "stop_id": "4128101", "stop_name": "Kreuzschanze", "location_type": null, "parent_station": "41281P" }, "geometry": { "type": "Point", "coordinates": [ 7.623292, 51.967382 ] } },
{ "type": "Feature", "properties": { "stop_id": "4128102", "stop_name": "Kreuzschanze", "location_type": null, "parent_station": "41281P" }, "geometry": { "type": "Point", "coordinates": [ 7.623098, 51.967585 ] } },
{ "type": "Feature", "properties": { "stop_id": "4129101", "stop_name": "Tibusstraße", "location_type": null, "parent_station": "41291P" }, "geometry": { "type": "Point", "coordinates": [ 7.626991, 51.965358 ] } },
{ "type": "Feature", "properties": { "stop_id": "4129102", "stop_name": "Tibusstraße", "location_type": null, "parent_station": "41291P" }, "geometry": { "type": "Point", "coordinates": [ 7.626976, 51.965241 ] } },
{ "type": "Feature", "properties": { "stop_id": "4132101", "stop_name": "Münzstraße", "location_type": null, "parent_station": "41321P" }, "geometry": { "type": "Point", "coordinates": [ 7.619675, 51.966744 ] } },
{ "type": "Feature", "properties": { "stop_id": "4132102", "stop_name": "Münzstraße", "location_type": null, "parent_station": "41321P" }, "geometry": { "type": "Point", "coordinates": [ 7.619319, 51.96666 ] } },
{ "type": "Feature", "properties": { "stop_id": "4133101", "stop_name": "Steinfurter Str. B", "location_type": null, "parent_station": "41331P" }, "geometry": { "type": "Point", "coordinates": [ 7.614161, 51.968205 ] } },
{ "type": "Feature", "properties": { "stop_id": "4133102", "stop_name": "Steinfurter Str. A", "location_type": null, "parent_station": "41331P" }, "geometry": { "type": "Point", "coordinates": [ 7.613013, 51.968718 ] } },
{ "type": "Feature", "properties": { "stop_id": "4134101", "stop_name": "THEATER Münster", "location_type": null, "parent_station": "41341P" }, "geometry": { "type": "Point", "coordinates": [ 7.628983, 51.965123 ] } },
{ "type": "Feature", "properties": { "stop_id": "4135101", "stop_name": "Wilhelmstraße", "location_type": null, "parent_station": "41351P" }, "geometry": { "type": "Point", "coordinates": [ 7.612854, 51.967257 ] } },
{ "type": "Feature", "properties": { "stop_id": "4135102", "stop_name": "Wilhelmstraße", "location_type": null, "parent_station": "41351P" }, "geometry": { "type": "Point", "coordinates": [ 7.611618, 51.967373 ] } },
{ "type": "Feature", "properties": { "stop_id": "4136101", "stop_name": "Landgericht / Schlossplatz Süd", "location_type": null, "parent_station": "41361P" }, "geometry": { "type": "Point", "coordinates": [ 7.615494, 51.962008 ] } },
{ "type": "Feature", "properties": { "stop_id": "4136102", "stop_name": "Landgericht / Schlossplatz Süd", "location_type": null, "parent_station": "41361P" }, "geometry": { "type": "Point", "coordinates": [ 7.615253, 51.961889 ] } },
{ "type": "Feature", "properties": { "stop_id": "4140101", "stop_name": "Schützenstraße", "location_type": null, "parent_station": "41401P" }, "geometry": { "type": "Point", "coordinates": [ 7.621474, 51.958534 ] } },
{ "type": "Feature", "properties": { "stop_id": "4141101", "stop_name": "St.-Antonius-Kirche B", "location_type": null, "parent_station": "41411P" }, "geometry": { "type": "Point", "coordinates": [ 7.621243, 51.955285 ] } },
{ "type": "Feature", "properties": { "stop_id": "4141102", "stop_name": "St.-Antonius-Kirche A", "location_type": null, "parent_station": "41411P" }, "geometry": { "type": "Point", "coordinates": [ 7.621679, 51.955222 ] } },
{ "type": "Feature", "properties": { "stop_id": "4142102", "stop_name": "Scharnhorststr.", "location_type": null, "parent_station": "41421P" }, "geometry": { "type": "Point", "coordinates": [ 7.618968, 51.954954 ] } },
{ "type": "Feature", "properties": { "stop_id": "4143201", "stop_name": "Bismarckallee", "location_type": null, "parent_station": "41432P" }, "geometry": { "type": "Point", "coordinates": [ 7.617824, 51.956131 ] } },
{ "type": "Feature", "properties": { "stop_id": "4144101", "stop_name": "Goldene Brücke / Aasee", "location_type": null, "parent_station": "41441P" }, "geometry": { "type": "Point", "coordinates": [ 7.616252, 51.957676 ] } },
{ "type": "Feature", "properties": { "stop_id": "4145101", "stop_name": "Zentralfriedhof", "location_type": null, "parent_station": "41451P" }, "geometry": { "type": "Point", "coordinates": [ 7.612458, 51.959644 ] } },
{ "type": "Feature", "properties": { "stop_id": "4146101", "stop_name": "Aegidiitor", "location_type": null, "parent_station": "41461P" }, "geometry": { "type": "Point", "coordinates": [ 7.618913, 51.957466 ] } },
{ "type": "Feature", "properties": { "stop_id": "4147202", "stop_name": "Neutor / Schlossplatz Nord", "location_type": null, "parent_station": "41472P" }, "geometry": { "type": "Point", "coordinates": [ 7.616201, 51.966642 ] } },
{ "type": "Feature", "properties": { "stop_id": "4148101", "stop_name": "Krummer Timpen", "location_type": null, "parent_station": "41481P" }, "geometry": { "type": "Point", "coordinates": [ 7.619592, 51.96162 ] } },
{ "type": "Feature", "properties": { "stop_id": "4148102", "stop_name": "Krummer Timpen", "location_type": null, "parent_station": "41481P" }, "geometry": { "type": "Point", "coordinates": [ 7.618632, 51.961746 ] } },
{ "type": "Feature", "properties": { "stop_id": "4148601", "stop_name": "Körnerstraße", "location_type": null, "parent_station": "41486P" }, "geometry": { "type": "Point", "coordinates": [ 7.616084, 51.954777 ] } },
{ "type": "Feature", "properties": { "stop_id": "4149101", "stop_name": "Bezirksregierung II", "location_type": null, "parent_station": "41491P" }, "geometry": { "type": "Point", "coordinates": [ 7.636378, 51.983787 ] } },
{ "type": "Feature", "properties": { "stop_id": "4149102", "stop_name": "Bezirksregierung II", "location_type": null, "parent_station": "41491P" }, "geometry": { "type": "Point", "coordinates": [ 7.636204, 51.98377 ] } },
{ "type": "Feature", "properties": { "stop_id": "4149501", "stop_name": "Anton-Bruchausen-Str.", "location_type": null, "parent_station": "41495P" }, "geometry": { "type": "Point", "coordinates": [ 7.635542, 51.980432 ] } },
{ "type": "Feature", "properties": { "stop_id": "4149502", "stop_name": "Anton-Bruchausen-Str.", "location_type": null, "parent_station": "41495P" }, "geometry": { "type": "Point", "coordinates": [ 7.635329, 51.980675 ] } },
{ "type": "Feature", "properties": { "stop_id": "4150101", "stop_name": "Joseph-König-Str.", "location_type": null, "parent_station": "41501P" }, "geometry": { "type": "Point", "coordinates": [ 7.633242, 51.985758 ] } },
{ "type": "Feature", "properties": { "stop_id": "4150102", "stop_name": "Joseph-König-Str.", "location_type": null, "parent_station": "41501P" }, "geometry": { "type": "Point", "coordinates": [ 7.633515, 51.985677 ] } },
{ "type": "Feature", "properties": { "stop_id": "4151101", "stop_name": "Nevinghoff", "location_type": null, "parent_station": "41511P" }, "geometry": { "type": "Point", "coordinates": [ 7.631816, 51.983783 ] } },
{ "type": "Feature", "properties": { "stop_id": "4151102", "stop_name": "Nevinghoff", "location_type": null, "parent_station": "41511P" }, "geometry": { "type": "Point", "coordinates": [ 7.632224, 51.983729 ] } },
{ "type": "Feature", "properties": { "stop_id": "4152101", "stop_name": "Deutsche Rentenversicherung", "location_type": null, "parent_station": "41521P" }, "geometry": { "type": "Point", "coordinates": [ 7.635988, 51.976313 ] } },
{ "type": "Feature", "properties": { "stop_id": "4152102", "stop_name": "Deutsche Rentenversicherung", "location_type": null, "parent_station": "41521P" }, "geometry": { "type": "Point", "coordinates": [ 7.635835, 51.976499 ] } },
{ "type": "Feature", "properties": { "stop_id": "4153102", "stop_name": "Haltepunkt Zentrum Nord", "location_type": null, "parent_station": "41531P" }, "geometry": { "type": "Point", "coordinates": [ 7.637829, 51.984417 ] } },
{ "type": "Feature", "properties": { "stop_id": "4190801", "stop_name": "Paulinum", "location_type": null, "parent_station": "41908P" }, "geometry": { "type": "Point", "coordinates": [ 7.61911, 51.959282 ] } },
{ "type": "Feature", "properties": { "stop_id": "4192302", "stop_name": "Picasso-Museum A", "location_type": null, "parent_station": "41923P" }, "geometry": { "type": "Point", "coordinates": [ 7.626112, 51.960409 ] } },
{ "type": "Feature", "properties": { "stop_id": "4194001", "stop_name": "Aegidiimarkt / LWL-Museum A", "location_type": null, "parent_station": "41940P" }, "geometry": { "type": "Point", "coordinates": [ 7.622976, 51.961013 ] } },
{ "type": "Feature", "properties": { "stop_id": "4194003", "stop_name": "Aegidiimarkt / LWL-Museum B1", "location_type": null, "parent_station": "41940P" }, "geometry": { "type": "Point", "coordinates": [ 7.623913, 51.960652 ] } },
{ "type": "Feature", "properties": { "stop_id": "4194004", "stop_name": "Aegidiimarkt / LWL-Museum B2", "location_type": null, "parent_station": "41940P" }, "geometry": { "type": "Point", "coordinates": [ 7.622889, 51.96092 ] } },
{ "type": "Feature", "properties": { "stop_id": "4196201", "stop_name": "Lotharingerstraße", "location_type": null, "parent_station": "41962P" }, "geometry": { "type": "Point", "coordinates": [ 7.631403, 51.966718 ] } },
{ "type": "Feature", "properties": { "stop_id": "4197101", "stop_name": "Klemensstraße", "location_type": null, "parent_station": "41971P" }, "geometry": { "type": "Point", "coordinates": [ 7.628758, 51.96096 ] } },
{ "type": "Feature", "properties": { "stop_id": "4198201", "stop_name": "Engelenschanze", "location_type": null, "parent_station": "41982P" }, "geometry": { "type": "Point", "coordinates": [ 7.631279, 51.957156 ] } },
{ "type": "Feature", "properties": { "stop_id": "4200101", "stop_name": "Kiesekampweg", "location_type": null, "parent_station": "42001P" }, "geometry": { "type": "Point", "coordinates": [ 7.638624, 51.994562 ] } },
{ "type": "Feature", "properties": { "stop_id": "4200102", "stop_name": "Kiesekampweg", "location_type": null, "parent_station": "42001P" }, "geometry": { "type": "Point", "coordinates": [ 7.638707, 51.994371 ] } },
{ "type": "Feature", "properties": { "stop_id": "4201001", "stop_name": "Coerde B", "location_type": null, "parent_station": "42010P" }, "geometry": { "type": "Point", "coordinates": [ 7.639411, 51.994333 ] } },
{ "type": "Feature", "properties": { "stop_id": "4201002", "stop_name": "Coerde A", "location_type": null, "parent_station": "42010P" }, "geometry": { "type": "Point", "coordinates": [ 7.6402, 51.994916 ] } },
{ "type": "Feature", "properties": { "stop_id": "4201003", "stop_name": "Coerde C", "location_type": null, "parent_station": "42010P" }, "geometry": { "type": "Point", "coordinates": [ 7.639231, 51.994725 ] } },
{ "type": "Feature", "properties": { "stop_id": "4202101", "stop_name": "Dachsleite", "location_type": null, "parent_station": "42021P" }, "geometry": { "type": "Point", "coordinates": [ 7.647176, 51.997368 ] } },
{ "type": "Feature", "properties": { "stop_id": "4202102", "stop_name": "Dachsleite", "location_type": null, "parent_station": "42021P" }, "geometry": { "type": "Point", "coordinates": [ 7.646807, 51.997316 ] } },
{ "type": "Feature", "properties": { "stop_id": "4203101", "stop_name": "Ziegeleiteich", "location_type": null, "parent_station": "42031P" }, "geometry": { "type": "Point", "coordinates": [ 7.649781, 51.997968 ] } },
{ "type": "Feature", "properties": { "stop_id": "4203102", "stop_name": "Ziegeleiteich", "location_type": null, "parent_station": "42031P" }, "geometry": { "type": "Point", "coordinates": [ 7.651521, 51.997634 ] } },
{ "type": "Feature", "properties": { "stop_id": "4203501", "stop_name": "Coerder Liekweg", "location_type": null, "parent_station": "42035P" }, "geometry": { "type": "Point", "coordinates": [ 7.656021, 51.996205 ] } },
{ "type": "Feature", "properties": { "stop_id": "4203502", "stop_name": "Coerder Liekweg", "location_type": null, "parent_station": "42035P" }, "geometry": { "type": "Point", "coordinates": [ 7.655824, 51.996291 ] } },
{ "type": "Feature", "properties": { "stop_id": "4204001", "stop_name": "Königsberger Str. A", "location_type": null, "parent_station": "42040P" }, "geometry": { "type": "Point", "coordinates": [ 7.649239, 51.992924 ] } },
{ "type": "Feature", "properties": { "stop_id": "4204002", "stop_name": "Königsberger Str. B", "location_type": null, "parent_station": "42040P" }, "geometry": { "type": "Point", "coordinates": [ 7.648201, 51.992573 ] } },
{ "type": "Feature", "properties": { "stop_id": "4204003", "stop_name": "Königsberger Str. C", "location_type": null, "parent_station": "42040P" }, "geometry": { "type": "Point", "coordinates": [ 7.647123, 51.992934 ] } },
{ "type": "Feature", "properties": { "stop_id": "4205101", "stop_name": "Meerwiese / Begegnungszentrum", "location_type": null, "parent_station": "42051P" }, "geometry": { "type": "Point", "coordinates": [ 7.648012, 51.988133 ] } },
{ "type": "Feature", "properties": { "stop_id": "4205102", "stop_name": "Meerwiese / Begegnungszentrum", "location_type": null, "parent_station": "42051P" }, "geometry": { "type": "Point", "coordinates": [ 7.647698, 51.9875 ] } },
{ "type": "Feature", "properties": { "stop_id": "4206101", "stop_name": "Elbinger Straße", "location_type": null, "parent_station": "42061P" }, "geometry": { "type": "Point", "coordinates": [ 7.653437, 51.994237 ] } },
{ "type": "Feature", "properties": { "stop_id": "4206102", "stop_name": "Elbinger Straße", "location_type": null, "parent_station": "42061P" }, "geometry": { "type": "Point", "coordinates": [ 7.653361, 51.994503 ] } },
{ "type": "Feature", "properties": { "stop_id": "4207101", "stop_name": "Sibeliusstraße", "location_type": null, "parent_station": "42071P" }, "geometry": { "type": "Point", "coordinates": [ 7.646156, 51.982687 ] } },
{ "type": "Feature", "properties": { "stop_id": "4207102", "stop_name": "Sibeliusstraße", "location_type": null, "parent_station": "42071P" }, "geometry": { "type": "Point", "coordinates": [ 7.645954, 51.982569 ] } },
{ "type": "Feature", "properties": { "stop_id": "4208101", "stop_name": "Braseweg", "location_type": null, "parent_station": "42081P" }, "geometry": { "type": "Point", "coordinates": [ 7.644553, 51.980085 ] } },
{ "type": "Feature", "properties": { "stop_id": "4208102", "stop_name": "Braseweg", "location_type": null, "parent_station": "42081P" }, "geometry": { "type": "Point", "coordinates": [ 7.644466, 51.980146 ] } },
{ "type": "Feature", "properties": { "stop_id": "4209101", "stop_name": "Rumphorstweg", "location_type": null, "parent_station": "42091P" }, "geometry": { "type": "Point", "coordinates": [ 7.642509, 51.977243 ] } },
{ "type": "Feature", "properties": { "stop_id": "4209102", "stop_name": "Rumphorstweg", "location_type": null, "parent_station": "42091P" }, "geometry": { "type": "Point", "coordinates": [ 7.641797, 51.976979 ] } },
{ "type": "Feature", "properties": { "stop_id": "4210103", "stop_name": "Hoher Heckenweg C", "location_type": null, "parent_station": "42101P" }, "geometry": { "type": "Point", "coordinates": [ 7.639058, 51.974374 ] } },
{ "type": "Feature", "properties": { "stop_id": "4210104", "stop_name": "Hoher Heckenweg D", "location_type": null, "parent_station": "42101P" }, "geometry": { "type": "Point", "coordinates": [ 7.63883, 51.974386 ] } },
{ "type": "Feature", "properties": { "stop_id": "4211101", "stop_name": "Sudmühlenstr.", "location_type": null, "parent_station": "42111P" }, "geometry": { "type": "Point", "coordinates": [ 7.669912, 51.998901 ] } },
{ "type": "Feature", "properties": { "stop_id": "4211102", "stop_name": "Sudmühlenstr.", "location_type": null, "parent_station": "42111P" }, "geometry": { "type": "Point", "coordinates": [ 7.669463, 51.99853 ] } },
{ "type": "Feature", "properties": { "stop_id": "4211301", "stop_name": "Westfälisches Pferdezentrum", "location_type": null, "parent_station": "42113P" }, "geometry": { "type": "Point", "coordinates": [ 7.671944, 51.999393 ] } },
{ "type": "Feature", "properties": { "stop_id": "4211302", "stop_name": "Westfälisches Pferdezentrum", "location_type": null, "parent_station": "42113P" }, "geometry": { "type": "Point", "coordinates": [ 7.671858, 51.999474 ] } },
{ "type": "Feature", "properties": { "stop_id": "4212101", "stop_name": "Dyckburgstraße B", "location_type": null, "parent_station": "42121P" }, "geometry": { "type": "Point", "coordinates": [ 7.686592, 51.992603 ] } },
{ "type": "Feature", "properties": { "stop_id": "4212102", "stop_name": "Dyckburgstraße A", "location_type": null, "parent_station": "42121P" }, "geometry": { "type": "Point", "coordinates": [ 7.686831, 51.992803 ] } },
{ "type": "Feature", "properties": { "stop_id": "4213101", "stop_name": "Heidehof", "location_type": null, "parent_station": "42131P" }, "geometry": { "type": "Point", "coordinates": [ 7.678673, 51.988357 ] } },
{ "type": "Feature", "properties": { "stop_id": "4213102", "stop_name": "Heidehof", "location_type": null, "parent_station": "42131P" }, "geometry": { "type": "Point", "coordinates": [ 7.678605, 51.988418 ] } },
{ "type": "Feature", "properties": { "stop_id": "4214101", "stop_name": "Im Sundern", "location_type": null, "parent_station": "42141P" }, "geometry": { "type": "Point", "coordinates": [ 7.673915, 51.988438 ] } },
{ "type": "Feature", "properties": { "stop_id": "4214102", "stop_name": "Im Sundern", "location_type": null, "parent_station": "42141P" }, "geometry": { "type": "Point", "coordinates": [ 7.674297, 51.988521 ] } },
{ "type": "Feature", "properties": { "stop_id": "4215101", "stop_name": "Mariendorf West", "location_type": null, "parent_station": "42151P" }, "geometry": { "type": "Point", "coordinates": [ 7.668431, 51.987357 ] } },
{ "type": "Feature", "properties": { "stop_id": "4215102", "stop_name": "Mariendorf West", "location_type": null, "parent_station": "42151P" }, "geometry": { "type": "Point", "coordinates": [ 7.668876, 51.987547 ] } },
{ "type": "Feature", "properties": { "stop_id": "4216101", "stop_name": "Jägerhäuschen", "location_type": null, "parent_station": "42161P" }, "geometry": { "type": "Point", "coordinates": [ 7.662525, 51.986233 ] } },
{ "type": "Feature", "properties": { "stop_id": "4216102", "stop_name": "Jägerhäuschen", "location_type": null, "parent_station": "42161P" }, "geometry": { "type": "Point", "coordinates": [ 7.662686, 51.986258 ] } },
{ "type": "Feature", "properties": { "stop_id": "4217101", "stop_name": "Schleuse", "location_type": null, "parent_station": "42171P" }, "geometry": { "type": "Point", "coordinates": [ 7.658349, 51.975737 ] } },
{ "type": "Feature", "properties": { "stop_id": "4217102", "stop_name": "Schleuse", "location_type": null, "parent_station": "42171P" }, "geometry": { "type": "Point", "coordinates": [ 7.658188, 51.975713 ] } },
{ "type": "Feature", "properties": { "stop_id": "4218101", "stop_name": "Saarstraße", "location_type": null, "parent_station": "42181P" }, "geometry": { "type": "Point", "coordinates": [ 7.657273, 51.97232 ] } },
{ "type": "Feature", "properties": { "stop_id": "4218102", "stop_name": "Saarstraße", "location_type": null, "parent_station": "42181P" }, "geometry": { "type": "Point", "coordinates": [ 7.657161, 51.972397 ] } },
{ "type": "Feature", "properties": { "stop_id": "4219101", "stop_name": "Coerheide", "location_type": null, "parent_station": "42191P" }, "geometry": { "type": "Point", "coordinates": [ 7.641796, 51.996313 ] } },
{ "type": "Feature", "properties": { "stop_id": "4219102", "stop_name": "Coerheide", "location_type": null, "parent_station": "42191P" }, "geometry": { "type": "Point", "coordinates": [ 7.642326, 51.996642 ] } },
{ "type": "Feature", "properties": { "stop_id": "4220001", "stop_name": "Elbestraße A", "location_type": null, "parent_station": "42200P" }, "geometry": { "type": "Point", "coordinates": [ 7.656658, 51.970415 ] } },
{ "type": "Feature", "properties": { "stop_id": "4220002", "stop_name": "Elbestraße B", "location_type": null, "parent_station": "42200P" }, "geometry": { "type": "Point", "coordinates": [ 7.656142, 51.969398 ] } },
{ "type": "Feature", "properties": { "stop_id": "4221101", "stop_name": "Schifffahrter Damm", "location_type": null, "parent_station": "42211P" }, "geometry": { "type": "Point", "coordinates": [ 7.654338, 51.967882 ] } },
{ "type": "Feature", "properties": { "stop_id": "4221102", "stop_name": "Schifffahrter Damm", "location_type": null, "parent_station": "42211P" }, "geometry": { "type": "Point", "coordinates": [ 7.654744, 51.96799 ] } },
{ "type": "Feature", "properties": { "stop_id": "4222101", "stop_name": "Wiener Str.", "location_type": null, "parent_station": "42221P" }, "geometry": { "type": "Point", "coordinates": [ 7.651309, 51.968165 ] } },
{ "type": "Feature", "properties": { "stop_id": "4222102", "stop_name": "Wiener Str.", "location_type": null, "parent_station": "42221P" }, "geometry": { "type": "Point", "coordinates": [ 7.65189, 51.968151 ] } },
{ "type": "Feature", "properties": { "stop_id": "4223101", "stop_name": "Erpho-Kirche", "location_type": null, "parent_station": "42231P" }, "geometry": { "type": "Point", "coordinates": [ 7.648329, 51.968014 ] } },
{ "type": "Feature", "properties": { "stop_id": "4223102", "stop_name": "Erpho-Kirche", "location_type": null, "parent_station": "42231P" }, "geometry": { "type": "Point", "coordinates": [ 7.646613, 51.967987 ] } },
{ "type": "Feature", "properties": { "stop_id": "4224001", "stop_name": "Fachklinik Hornheide", "location_type": null, "parent_station": "42240P" }, "geometry": { "type": "Point", "coordinates": [ 7.707193, 52.010927 ] } },
{ "type": "Feature", "properties": { "stop_id": "4224002", "stop_name": "Fachklinik Hornheide", "location_type": null, "parent_station": "42240P" }, "geometry": { "type": "Point", "coordinates": [ 7.707313, 52.01047 ] } },
{ "type": "Feature", "properties": { "stop_id": "4224101", "stop_name": "Villa ten Hompel", "location_type": null, "parent_station": "42241P" }, "geometry": { "type": "Point", "coordinates": [ 7.646072, 51.966769 ] } },
{ "type": "Feature", "properties": { "stop_id": "4224102", "stop_name": "Villa ten Hompel", "location_type": null, "parent_station": "42241P" }, "geometry": { "type": "Point", "coordinates": [ 7.645531, 51.967219 ] } },
{ "type": "Feature", "properties": { "stop_id": "4225101", "stop_name": "Am Hornbach", "location_type": null, "parent_station": "42251P" }, "geometry": { "type": "Point", "coordinates": [ 7.709983, 52.002639 ] } },
{ "type": "Feature", "properties": { "stop_id": "4225102", "stop_name": "Am Hornbach", "location_type": null, "parent_station": "42251P" }, "geometry": { "type": "Point", "coordinates": [ 7.7098, 52.002839 ] } },
{ "type": "Feature", "properties": { "stop_id": "4226101", "stop_name": "Lützowstraße", "location_type": null, "parent_station": "42261P" }, "geometry": { "type": "Point", "coordinates": [ 7.716443, 51.998978 ] } },
{ "type": "Feature", "properties": { "stop_id": "4226102", "stop_name": "Lützowstraße", "location_type": null, "parent_station": "42261P" }, "geometry": { "type": "Point", "coordinates": [ 7.7164, 51.999316 ] } },
{ "type": "Feature", "properties": { "stop_id": "4227101", "stop_name": "In der Stroth", "location_type": null, "parent_station": "42271P" }, "geometry": { "type": "Point", "coordinates": [ 7.714707, 51.998782 ] } },
{ "type": "Feature", "properties": { "stop_id": "4227102", "stop_name": "In der Stroth", "location_type": null, "parent_station": "42271P" }, "geometry": { "type": "Point", "coordinates": [ 7.714242, 51.998888 ] } },
{ "type": "Feature", "properties": { "stop_id": "4227501", "stop_name": "Am Kerkamp", "location_type": null, "parent_station": "42275P" }, "geometry": { "type": "Point", "coordinates": [ 7.70938, 52.005305 ] } },
{ "type": "Feature", "properties": { "stop_id": "4227502", "stop_name": "Am Kerkamp", "location_type": null, "parent_station": "42275P" }, "geometry": { "type": "Point", "coordinates": [ 7.709409, 52.004958 ] } },
{ "type": "Feature", "properties": { "stop_id": "4228101", "stop_name": "Dorbaum", "location_type": null, "parent_station": "42281P" }, "geometry": { "type": "Point", "coordinates": [ 7.709798, 51.998607 ] } },
{ "type": "Feature", "properties": { "stop_id": "4228102", "stop_name": "Dorbaum", "location_type": null, "parent_station": "42281P" }, "geometry": { "type": "Point", "coordinates": [ 7.70967, 51.998558 ] } },
{ "type": "Feature", "properties": { "stop_id": "4228501", "stop_name": "Drei Eichen", "location_type": null, "parent_station": "42285P" }, "geometry": { "type": "Point", "coordinates": [ 7.710834, 51.996668 ] } },
{ "type": "Feature", "properties": { "stop_id": "4228502", "stop_name": "Drei Eichen", "location_type": null, "parent_station": "42285P" }, "geometry": { "type": "Point", "coordinates": [ 7.710809, 51.995932 ] } },
{ "type": "Feature", "properties": { "stop_id": "4228601", "stop_name": "Eichenaue", "location_type": null, "parent_station": "42286P" }, "geometry": { "type": "Point", "coordinates": [ 7.713688, 51.995312 ] } },
{ "type": "Feature", "properties": { "stop_id": "4228602", "stop_name": "Eichenaue", "location_type": null, "parent_station": "42286P" }, "geometry": { "type": "Point", "coordinates": [ 7.713649, 51.995371 ] } },
{ "type": "Feature", "properties": { "stop_id": "4229101", "stop_name": "Middelfeld", "location_type": null, "parent_station": "42291P" }, "geometry": { "type": "Point", "coordinates": [ 7.707132, 51.992672 ] } },
{ "type": "Feature", "properties": { "stop_id": "4229102", "stop_name": "Middelfeld", "location_type": null, "parent_station": "42291P" }, "geometry": { "type": "Point", "coordinates": [ 7.705791, 51.992325 ] } },
{ "type": "Feature", "properties": { "stop_id": "4230101", "stop_name": "Handorf Mitte", "location_type": null, "parent_station": "42301P" }, "geometry": { "type": "Point", "coordinates": [ 7.698706, 51.987362 ] } },
{ "type": "Feature", "properties": { "stop_id": "4230102", "stop_name": "Handorf Mitte", "location_type": null, "parent_station": "42301P" }, "geometry": { "type": "Point", "coordinates": [ 7.698526, 51.987178 ] } },
{ "type": "Feature", "properties": { "stop_id": "4231101", "stop_name": "Kötterstraße", "location_type": null, "parent_station": "42311P" }, "geometry": { "type": "Point", "coordinates": [ 7.700797, 51.985314 ] } },
{ "type": "Feature", "properties": { "stop_id": "4231102", "stop_name": "Kötterstraße", "location_type": null, "parent_station": "42311P" }, "geometry": { "type": "Point", "coordinates": [ 7.701353, 51.984596 ] } },
{ "type": "Feature", "properties": { "stop_id": "4232001", "stop_name": "Waldfriedhof Lauheide", "location_type": null, "parent_station": "42320P" }, "geometry": { "type": "Point", "coordinates": [ 7.750555, 52.00014 ] } },
{ "type": "Feature", "properties": { "stop_id": "4232101", "stop_name": "Lauheide", "location_type": null, "parent_station": "42321P" }, "geometry": { "type": "Point", "coordinates": [ 7.737623, 52.003071 ] } },
{ "type": "Feature", "properties": { "stop_id": "4232102", "stop_name": "Lauheide", "location_type": null, "parent_station": "42321P" }, "geometry": { "type": "Point", "coordinates": [ 7.737554, 52.003214 ] } },
{ "type": "Feature", "properties": { "stop_id": "4234102", "stop_name": "Alter Mühlenweg", "location_type": null, "parent_station": "42341P" }, "geometry": { "type": "Point", "coordinates": [ 7.704119, 51.976251 ] } },
{ "type": "Feature", "properties": { "stop_id": "4234301", "stop_name": "Handorf Gartencenter", "location_type": null, "parent_station": "42343P" }, "geometry": { "type": "Point", "coordinates": [ 7.704865, 51.977314 ] } },
{ "type": "Feature", "properties": { "stop_id": "4234302", "stop_name": "Handorf Gartencenter", "location_type": null, "parent_station": "42343P" }, "geometry": { "type": "Point", "coordinates": [ 7.704363, 51.977897 ] } },
{ "type": "Feature", "properties": { "stop_id": "4235101", "stop_name": "Pleistermühlenweg", "location_type": null, "parent_station": "42351P" }, "geometry": { "type": "Point", "coordinates": [ 7.69431, 51.97359 ] } },
{ "type": "Feature", "properties": { "stop_id": "4235102", "stop_name": "Pleistermühlenweg", "location_type": null, "parent_station": "42351P" }, "geometry": { "type": "Point", "coordinates": [ 7.693051, 51.973549 ] } },
{ "type": "Feature", "properties": { "stop_id": "4236101", "stop_name": "St. Mauritz A", "location_type": null, "parent_station": "42361P" }, "geometry": { "type": "Point", "coordinates": [ 7.67718, 51.970764 ] } },
{ "type": "Feature", "properties": { "stop_id": "4236102", "stop_name": "St. Mauritz B", "location_type": null, "parent_station": "42361P" }, "geometry": { "type": "Point", "coordinates": [ 7.675105, 51.970574 ] } },
{ "type": "Feature", "properties": { "stop_id": "4236104", "stop_name": "St. Mauritz D", "location_type": null, "parent_station": "42361P" }, "geometry": { "type": "Point", "coordinates": [ 7.676914, 51.969596 ] } },
{ "type": "Feature", "properties": { "stop_id": "4237101", "stop_name": "Pulverschuppen", "location_type": null, "parent_station": "42371P" }, "geometry": { "type": "Point", "coordinates": [ 7.664534, 51.968338 ] } },
{ "type": "Feature", "properties": { "stop_id": "4237102", "stop_name": "Pulverschuppen", "location_type": null, "parent_station": "42371P" }, "geometry": { "type": "Point", "coordinates": [ 7.664862, 51.968546 ] } },
{ "type": "Feature", "properties": { "stop_id": "4238101", "stop_name": "Mauritz-Mitte B", "location_type": null, "parent_station": "42381P" }, "geometry": { "type": "Point", "coordinates": [ 7.657865, 51.967088 ] } },
{ "type": "Feature", "properties": { "stop_id": "4238107", "stop_name": "Mauritz-Mitte A", "location_type": null, "parent_station": "42381P" }, "geometry": { "type": "Point", "coordinates": [ 7.657641, 51.967314 ] } },
{ "type": "Feature", "properties": { "stop_id": "4238108", "stop_name": "Mauritz-Mitte C", "location_type": null, "parent_station": "42381P" }, "geometry": { "type": "Point", "coordinates": [ 7.657686, 51.966868 ] } },
{ "type": "Feature", "properties": { "stop_id": "4238602", "stop_name": "Albertstraße", "location_type": null, "parent_station": "42386P" }, "geometry": { "type": "Point", "coordinates": [ 7.654506, 51.966633 ] } },
{ "type": "Feature", "properties": { "stop_id": "4239101", "stop_name": "Dechaneistraße", "location_type": null, "parent_station": "42391P" }, "geometry": { "type": "Point", "coordinates": [ 7.651164, 51.964929 ] } },
{ "type": "Feature", "properties": { "stop_id": "4239102", "stop_name": "Dechaneistraße", "location_type": null, "parent_station": "42391P" }, "geometry": { "type": "Point", "coordinates": [ 7.650999, 51.964991 ] } },
{ "type": "Feature", "properties": { "stop_id": "4240101", "stop_name": "Hohenzollernring / Finanzgericht B", "location_type": null, "parent_station": "42401P" }, "geometry": { "type": "Point", "coordinates": [ 7.6483, 51.964086 ] } },
{ "type": "Feature", "properties": { "stop_id": "4240102", "stop_name": "Hohenzollernring / Finanzgericht A", "location_type": null, "parent_station": "42401P" }, "geometry": { "type": "Point", "coordinates": [ 7.646016, 51.963221 ] } },
{ "type": "Feature", "properties": { "stop_id": "4240103", "stop_name": "Hohenzollernring / Finanzgericht C", "location_type": null, "parent_station": "42401P" }, "geometry": { "type": "Point", "coordinates": [ 7.646827, 51.964516 ] } },
{ "type": "Feature", "properties": { "stop_id": "4240104", "stop_name": "Hohenzollernring / Finanzgericht D", "location_type": null, "parent_station": "42401P" }, "geometry": { "type": "Point", "coordinates": [ 7.646716, 51.964411 ] } },
{ "type": "Feature", "properties": { "stop_id": "4241101", "stop_name": "Zumsandestraße", "location_type": null, "parent_station": "42411P" }, "geometry": { "type": "Point", "coordinates": [ 7.641467, 51.961672 ] } },
{ "type": "Feature", "properties": { "stop_id": "4241102", "stop_name": "Zumsandestraße", "location_type": null, "parent_station": "42411P" }, "geometry": { "type": "Point", "coordinates": [ 7.641638, 51.96179 ] } },
{ "type": "Feature", "properties": { "stop_id": "4243101", "stop_name": "Am Hof zur Linde", "location_type": null, "parent_station": "42431P" }, "geometry": { "type": "Point", "coordinates": [ 7.70281, 51.991202 ] } },
{ "type": "Feature", "properties": { "stop_id": "4243102", "stop_name": "Am Hof zur Linde", "location_type": null, "parent_station": "42431P" }, "geometry": { "type": "Point", "coordinates": [ 7.701282, 51.990588 ] } },
{ "type": "Feature", "properties": { "stop_id": "4244101", "stop_name": "Kirschgarten", "location_type": null, "parent_station": "42441P" }, "geometry": { "type": "Point", "coordinates": [ 7.699599, 51.989183 ] } },
{ "type": "Feature", "properties": { "stop_id": "4244102", "stop_name": "Kirschgarten", "location_type": null, "parent_station": "42441P" }, "geometry": { "type": "Point", "coordinates": [ 7.699882, 51.989516 ] } },
{ "type": "Feature", "properties": { "stop_id": "4246101", "stop_name": "Hobbeltstraße", "location_type": null, "parent_station": "42461P" }, "geometry": { "type": "Point", "coordinates": [ 7.702944, 51.981731 ] } },
{ "type": "Feature", "properties": { "stop_id": "4246102", "stop_name": "Hobbeltstraße", "location_type": null, "parent_station": "42461P" }, "geometry": { "type": "Point", "coordinates": [ 7.702751, 51.981632 ] } },
{ "type": "Feature", "properties": { "stop_id": "4247001", "stop_name": "Handorf Kaserne", "location_type": null, "parent_station": "42470P" }, "geometry": { "type": "Point", "coordinates": [ 7.721544, 52.002189 ] } },
{ "type": "Feature", "properties": { "stop_id": "4247501", "stop_name": "Verth", "location_type": null, "parent_station": "42475P" }, "geometry": { "type": "Point", "coordinates": [ 7.727803, 52.010565 ] } },
{ "type": "Feature", "properties": { "stop_id": "4247502", "stop_name": "Verth", "location_type": null, "parent_station": "42475P" }, "geometry": { "type": "Point", "coordinates": [ 7.727825, 52.010613 ] } },
{ "type": "Feature", "properties": { "stop_id": "4248801", "stop_name": "Abzweig Mariendorf", "location_type": null, "parent_station": "42488P" }, "geometry": { "type": "Point", "coordinates": [ 7.662956, 51.987724 ] } },
{ "type": "Feature", "properties": { "stop_id": "4248802", "stop_name": "Abzweig Mariendorf", "location_type": null, "parent_station": "42488P" }, "geometry": { "type": "Point", "coordinates": [ 7.662788, 51.987623 ] } },
{ "type": "Feature", "properties": { "stop_id": "4249101", "stop_name": "Hacklenburg", "location_type": null, "parent_station": "42491P" }, "geometry": { "type": "Point", "coordinates": [ 7.660042, 51.982125 ] } },
{ "type": "Feature", "properties": { "stop_id": "4249102", "stop_name": "Hacklenburg", "location_type": null, "parent_station": "42491P" }, "geometry": { "type": "Point", "coordinates": [ 7.659908, 51.982425 ] } },
{ "type": "Feature", "properties": { "stop_id": "4250101", "stop_name": "Sudmühle Freibad", "location_type": null, "parent_station": "42501P" }, "geometry": { "type": "Point", "coordinates": [ 7.690867, 51.99778 ] } },
{ "type": "Feature", "properties": { "stop_id": "4250102", "stop_name": "Sudmühle Freibad", "location_type": null, "parent_station": "42501P" }, "geometry": { "type": "Point", "coordinates": [ 7.690736, 51.997319 ] } },
{ "type": "Feature", "properties": { "stop_id": "4251101", "stop_name": "Windbreede", "location_type": null, "parent_station": "42511P" }, "geometry": { "type": "Point", "coordinates": [ 7.690306, 51.995289 ] } },
{ "type": "Feature", "properties": { "stop_id": "4251102", "stop_name": "Windbreede", "location_type": null, "parent_station": "42511P" }, "geometry": { "type": "Point", "coordinates": [ 7.689964, 51.995011 ] } },
{ "type": "Feature", "properties": { "stop_id": "4252001", "stop_name": "Gymnasium St. Mauritz", "location_type": null, "parent_station": "42520P" }, "geometry": { "type": "Point", "coordinates": [ 7.686208, 51.982504 ] } },
{ "type": "Feature", "properties": { "stop_id": "4252002", "stop_name": "Gymnasium St. Mauritz", "location_type": null, "parent_station": "42520P" }, "geometry": { "type": "Point", "coordinates": [ 7.686006, 51.98217 ] } },
{ "type": "Feature", "properties": { "stop_id": "4252801", "stop_name": "Wersebeckmannweg", "location_type": null, "parent_station": "42528P" }, "geometry": { "type": "Point", "coordinates": [ 7.677889, 51.978564 ] } },
{ "type": "Feature", "properties": { "stop_id": "4252802", "stop_name": "Wersebeckmannweg", "location_type": null, "parent_station": "42528P" }, "geometry": { "type": "Point", "coordinates": [ 7.67995, 51.979392 ] } },
{ "type": "Feature", "properties": { "stop_id": "4261001", "stop_name": "Chirurgie", "location_type": null, "parent_station": "42610P" }, "geometry": { "type": "Point", "coordinates": [ 7.599793, 51.959123 ] } },
{ "type": "Feature", "properties": { "stop_id": "4261002", "stop_name": "Chirurgie", "location_type": null, "parent_station": "42610P" }, "geometry": { "type": "Point", "coordinates": [ 7.599926, 51.959058 ] } },
{ "type": "Feature", "properties": { "stop_id": "4269802", "stop_name": "Matthias-Claudius-Schule", "location_type": null, "parent_station": "42698P" }, "geometry": { "type": "Point", "coordinates": [ 7.70332, 51.990113 ] } },
{ "type": "Feature", "properties": { "stop_id": "4270801", "stop_name": "Ludwig-Wolker-Str.", "location_type": null, "parent_station": "42708P" }, "geometry": { "type": "Point", "coordinates": [ 7.700844, 51.987876 ] } },
{ "type": "Feature", "properties": { "stop_id": "4294202", "stop_name": "Emsstraße", "location_type": null, "parent_station": "42942P" }, "geometry": { "type": "Point", "coordinates": [ 7.660734, 51.967774 ] } },
{ "type": "Feature", "properties": { "stop_id": "4296001", "stop_name": "Sudmühle B", "location_type": null, "parent_station": "42960P" }, "geometry": { "type": "Point", "coordinates": [ 7.680096, 51.99731 ] } },
{ "type": "Feature", "properties": { "stop_id": "4296002", "stop_name": "Sudmühle C", "location_type": null, "parent_station": "42960P" }, "geometry": { "type": "Point", "coordinates": [ 7.680193, 51.997225 ] } },
{ "type": "Feature", "properties": { "stop_id": "4298101", "stop_name": "Elisabet-Ney-Str.", "location_type": null, "parent_station": "42981P" }, "geometry": { "type": "Point", "coordinates": [ 7.643594, 51.967463 ] } },
{ "type": "Feature", "properties": { "stop_id": "4298102", "stop_name": "Elisabet-Ney-Str.", "location_type": null, "parent_station": "42981P" }, "geometry": { "type": "Point", "coordinates": [ 7.64331, 51.967574 ] } },
{ "type": "Feature", "properties": { "stop_id": "4301001", "stop_name": "Tannenhof A", "location_type": null, "parent_station": "43010P" }, "geometry": { "type": "Point", "coordinates": [ 7.677727, 51.968636 ] } },
{ "type": "Feature", "properties": { "stop_id": "4302101", "stop_name": "An der Konradkirche", "location_type": null, "parent_station": "43021P" }, "geometry": { "type": "Point", "coordinates": [ 7.676368, 51.963893 ] } },
{ "type": "Feature", "properties": { "stop_id": "4302102", "stop_name": "An der Konradkirche", "location_type": null, "parent_station": "43021P" }, "geometry": { "type": "Point", "coordinates": [ 7.675902, 51.962839 ] } },
{ "type": "Feature", "properties": { "stop_id": "4303101", "stop_name": "Frauenburgstr.", "location_type": null, "parent_station": "43031P" }, "geometry": { "type": "Point", "coordinates": [ 7.669444, 51.961184 ] } },
{ "type": "Feature", "properties": { "stop_id": "4303102", "stop_name": "Frauenburgstr.", "location_type": null, "parent_station": "43031P" }, "geometry": { "type": "Point", "coordinates": [ 7.669526, 51.960836 ] } },
{ "type": "Feature", "properties": { "stop_id": "4304101", "stop_name": "Erikaweg / WDR", "location_type": null, "parent_station": "43041P" }, "geometry": { "type": "Point", "coordinates": [ 7.676067, 51.959255 ] } },
{ "type": "Feature", "properties": { "stop_id": "4304102", "stop_name": "Erikaweg / WDR", "location_type": null, "parent_station": "43041P" }, "geometry": { "type": "Point", "coordinates": [ 7.675857, 51.95937 ] } },
{ "type": "Feature", "properties": { "stop_id": "4305101", "stop_name": "Im Drostebusch", "location_type": null, "parent_station": "43051P" }, "geometry": { "type": "Point", "coordinates": [ 7.677061, 51.956461 ] } },
{ "type": "Feature", "properties": { "stop_id": "4305102", "stop_name": "Im Drostebusch", "location_type": null, "parent_station": "43051P" }, "geometry": { "type": "Point", "coordinates": [ 7.67701, 51.956224 ] } },
{ "type": "Feature", "properties": { "stop_id": "4306101", "stop_name": "Brentanoweg", "location_type": null, "parent_station": "43061P" }, "geometry": { "type": "Point", "coordinates": [ 7.676849, 51.953456 ] } },
{ "type": "Feature", "properties": { "stop_id": "4306102", "stop_name": "Brentanoweg", "location_type": null, "parent_station": "43061P" }, "geometry": { "type": "Point", "coordinates": [ 7.676632, 51.953324 ] } },
{ "type": "Feature", "properties": { "stop_id": "4308001", "stop_name": "Mondstraße B", "location_type": null, "parent_station": "43080P" }, "geometry": { "type": "Point", "coordinates": [ 7.675884, 51.949857 ] } },
{ "type": "Feature", "properties": { "stop_id": "4308002", "stop_name": "Mondstraße A", "location_type": null, "parent_station": "43080P" }, "geometry": { "type": "Point", "coordinates": [ 7.674746, 51.949749 ] } },
{ "type": "Feature", "properties": { "stop_id": "4309101", "stop_name": "St.-Margareta-Kirche", "location_type": null, "parent_station": "43091P" }, "geometry": { "type": "Point", "coordinates": [ 7.671816, 51.950585 ] } },
{ "type": "Feature", "properties": { "stop_id": "4309102", "stop_name": "St.-Margareta-Kirche", "location_type": null, "parent_station": "43091P" }, "geometry": { "type": "Point", "coordinates": [ 7.671806, 51.950736 ] } },
{ "type": "Feature", "properties": { "stop_id": "4309201", "stop_name": "Mühlhäuser Str.", "location_type": null, "parent_station": "43092P" }, "geometry": { "type": "Point", "coordinates": [ 7.665755, 51.951896 ] } },
{ "type": "Feature", "properties": { "stop_id": "4309202", "stop_name": "Mühlhäuser Str.", "location_type": null, "parent_station": "43092P" }, "geometry": { "type": "Point", "coordinates": [ 7.665366, 51.952238 ] } },
{ "type": "Feature", "properties": { "stop_id": "4310101", "stop_name": "Institut der Feuerwehr", "location_type": null, "parent_station": "43101P" }, "geometry": { "type": "Point", "coordinates": [ 7.659899, 51.953934 ] } },
{ "type": "Feature", "properties": { "stop_id": "4310102", "stop_name": "Institut der Feuerwehr", "location_type": null, "parent_station": "43101P" }, "geometry": { "type": "Point", "coordinates": [ 7.660093, 51.954022 ] } },
{ "type": "Feature", "properties": { "stop_id": "4311101", "stop_name": "Liboristraße", "location_type": null, "parent_station": "43111P" }, "geometry": { "type": "Point", "coordinates": [ 7.651372, 51.954821 ] } },
{ "type": "Feature", "properties": { "stop_id": "4311102", "stop_name": "Liboristraße", "location_type": null, "parent_station": "43111P" }, "geometry": { "type": "Point", "coordinates": [ 7.651961, 51.954908 ] } },
{ "type": "Feature", "properties": { "stop_id": "4311802", "stop_name": "Mathilde-Anneke-Schule", "location_type": null, "parent_station": "43118P" }, "geometry": { "type": "Point", "coordinates": [ 7.652747, 51.956282 ] } },
{ "type": "Feature", "properties": { "stop_id": "4312001", "stop_name": "Maikottenweg", "location_type": null, "parent_station": "43120P" }, "geometry": { "type": "Point", "coordinates": [ 7.667757, 51.957004 ] } },
{ "type": "Feature", "properties": { "stop_id": "4312002", "stop_name": "Maikottenweg", "location_type": null, "parent_station": "43120P" }, "geometry": { "type": "Point", "coordinates": [ 7.667776, 51.956928 ] } },
{ "type": "Feature", "properties": { "stop_id": "4313102", "stop_name": "Gallenkamp A", "location_type": null, "parent_station": "43131P" }, "geometry": { "type": "Point", "coordinates": [ 7.665673, 51.955977 ] } },
{ "type": "Feature", "properties": { "stop_id": "4313103", "stop_name": "Gallenkamp B", "location_type": null, "parent_station": "43131P" }, "geometry": { "type": "Point", "coordinates": [ 7.663651, 51.956642 ] } },
{ "type": "Feature", "properties": { "stop_id": "4314101", "stop_name": "08-Stadion", "location_type": null, "parent_station": "43141P" }, "geometry": { "type": "Point", "coordinates": [ 7.657957, 51.958562 ] } },
{ "type": "Feature", "properties": { "stop_id": "4314102", "stop_name": "08-Stadion", "location_type": null, "parent_station": "43141P" }, "geometry": { "type": "Point", "coordinates": [ 7.657641, 51.958648 ] } },
{ "type": "Feature", "properties": { "stop_id": "4315102", "stop_name": "Andreas-Hofer-Str.", "location_type": null, "parent_station": "43151P" }, "geometry": { "type": "Point", "coordinates": [ 7.653603, 51.958818 ] } },
{ "type": "Feature", "properties": { "stop_id": "4316102", "stop_name": "Manfred-von-Richthofen-Str.", "location_type": null, "parent_station": "43161P" }, "geometry": { "type": "Point", "coordinates": [ 7.649247, 51.958992 ] } },
{ "type": "Feature", "properties": { "stop_id": "4317101", "stop_name": "St.-Franziskus-Hospital", "location_type": null, "parent_station": "43171P" }, "geometry": { "type": "Point", "coordinates": [ 7.647656, 51.960578 ] } },
{ "type": "Feature", "properties": { "stop_id": "4317102", "stop_name": "St.-Franziskus-Hospital", "location_type": null, "parent_station": "43171P" }, "geometry": { "type": "Point", "coordinates": [ 7.647466, 51.960557 ] } },
{ "type": "Feature", "properties": { "stop_id": "4318101", "stop_name": "Sternstraße", "location_type": null, "parent_station": "43181P" }, "geometry": { "type": "Point", "coordinates": [ 7.639993, 51.957618 ] } },
{ "type": "Feature", "properties": { "stop_id": "4318102", "stop_name": "Sternstraße", "location_type": null, "parent_station": "43181P" }, "geometry": { "type": "Point", "coordinates": [ 7.640118, 51.957685 ] } },
{ "type": "Feature", "properties": { "stop_id": "4319102", "stop_name": "Bremer Platz", "location_type": null, "parent_station": "43191P" }, "geometry": { "type": "Point", "coordinates": [ 7.637158, 51.959023 ] } },
{ "type": "Feature", "properties": { "stop_id": "4320102", "stop_name": "Loddenweg B", "location_type": null, "parent_station": "43201P" }, "geometry": { "type": "Point", "coordinates": [ 7.668485, 51.906003 ] } },
{ "type": "Feature", "properties": { "stop_id": "4320103", "stop_name": "Loddenweg A", "location_type": null, "parent_station": "43201P" }, "geometry": { "type": "Point", "coordinates": [ 7.668087, 51.906081 ] } },
{ "type": "Feature", "properties": { "stop_id": "4321101", "stop_name": "Am Herzkamp", "location_type": null, "parent_station": "43211P" }, "geometry": { "type": "Point", "coordinates": [ 7.681915, 51.907008 ] } },
{ "type": "Feature", "properties": { "stop_id": "4321102", "stop_name": "Am Herzkamp", "location_type": null, "parent_station": "43211P" }, "geometry": { "type": "Point", "coordinates": [ 7.683227, 51.907099 ] } },
{ "type": "Feature", "properties": { "stop_id": "4322101", "stop_name": "Abzweig Hiltrup", "location_type": null, "parent_station": "43221P" }, "geometry": { "type": "Point", "coordinates": [ 7.688115, 51.90958 ] } },
{ "type": "Feature", "properties": { "stop_id": "4322102", "stop_name": "Abzweig Hiltrup", "location_type": null, "parent_station": "43221P" }, "geometry": { "type": "Point", "coordinates": [ 7.688099, 51.909433 ] } },
{ "type": "Feature", "properties": { "stop_id": "4325103", "stop_name": "Theodor-Heuss-Str. C", "location_type": null, "parent_station": "43251P" }, "geometry": { "type": "Point", "coordinates": [ 7.696004, 51.911201 ] } },
{ "type": "Feature", "properties": { "stop_id": "4325104", "stop_name": "Theodor-Heuss-Str. D", "location_type": null, "parent_station": "43251P" }, "geometry": { "type": "Point", "coordinates": [ 7.696297, 51.911081 ] } },
{ "type": "Feature", "properties": { "stop_id": "4326101", "stop_name": "Am Schütthook", "location_type": null, "parent_station": "43261P" }, "geometry": { "type": "Point", "coordinates": [ 7.684867, 51.914071 ] } },
{ "type": "Feature", "properties": { "stop_id": "4326102", "stop_name": "Am Schütthook", "location_type": null, "parent_station": "43261P" }, "geometry": { "type": "Point", "coordinates": [ 7.685331, 51.914443 ] } },
{ "type": "Feature", "properties": { "stop_id": "4327101", "stop_name": "Am Blaukreuzwäldchen", "location_type": null, "parent_station": "43271P" }, "geometry": { "type": "Point", "coordinates": [ 7.681608, 51.915491 ] } },
{ "type": "Feature", "properties": { "stop_id": "4327102", "stop_name": "Am Blaukreuzwäldchen", "location_type": null, "parent_station": "43271P" }, "geometry": { "type": "Point", "coordinates": [ 7.681068, 51.916186 ] } },
{ "type": "Feature", "properties": { "stop_id": "4328101", "stop_name": "Pommernstr.", "location_type": null, "parent_station": "43281P" }, "geometry": { "type": "Point", "coordinates": [ 7.678413, 51.918432 ] } },
{ "type": "Feature", "properties": { "stop_id": "4328102", "stop_name": "Pommernstr.", "location_type": null, "parent_station": "43281P" }, "geometry": { "type": "Point", "coordinates": [ 7.677687, 51.9193 ] } },
{ "type": "Feature", "properties": { "stop_id": "4329101", "stop_name": "Otto-Hersing-Weg", "location_type": null, "parent_station": "43291P" }, "geometry": { "type": "Point", "coordinates": [ 7.675659, 51.921002 ] } },
{ "type": "Feature", "properties": { "stop_id": "4329102", "stop_name": "Otto-Hersing-Weg", "location_type": null, "parent_station": "43291P" }, "geometry": { "type": "Point", "coordinates": [ 7.675869, 51.920933 ] } },
{ "type": "Feature", "properties": { "stop_id": "4330101", "stop_name": "Heidestraße", "location_type": null, "parent_station": "43301P" }, "geometry": { "type": "Point", "coordinates": [ 7.673534, 51.922804 ] } },
{ "type": "Feature", "properties": { "stop_id": "4330102", "stop_name": "Heidestraße", "location_type": null, "parent_station": "43301P" }, "geometry": { "type": "Point", "coordinates": [ 7.672471, 51.924119 ] } },
{ "type": "Feature", "properties": { "stop_id": "4332101", "stop_name": "Agathastraße", "location_type": null, "parent_station": "43321P" }, "geometry": { "type": "Point", "coordinates": [ 7.688372, 51.928098 ] } },
{ "type": "Feature", "properties": { "stop_id": "4332102", "stop_name": "Agathastraße", "location_type": null, "parent_station": "43321P" }, "geometry": { "type": "Point", "coordinates": [ 7.687104, 51.928348 ] } },
{ "type": "Feature", "properties": { "stop_id": "4333101", "stop_name": "Altehof", "location_type": null, "parent_station": "43331P" }, "geometry": { "type": "Point", "coordinates": [ 7.683333, 51.928688 ] } },
{ "type": "Feature", "properties": { "stop_id": "4333102", "stop_name": "Altehof", "location_type": null, "parent_station": "43331P" }, "geometry": { "type": "Point", "coordinates": [ 7.683887, 51.928666 ] } },
{ "type": "Feature", "properties": { "stop_id": "4334101", "stop_name": "Pirolweg", "location_type": null, "parent_station": "43341P" }, "geometry": { "type": "Point", "coordinates": [ 7.679931, 51.929569 ] } },
{ "type": "Feature", "properties": { "stop_id": "4334102", "stop_name": "Pirolweg", "location_type": null, "parent_station": "43341P" }, "geometry": { "type": "Point", "coordinates": [ 7.679901, 51.929689 ] } },
{ "type": "Feature", "properties": { "stop_id": "4335101", "stop_name": "Gremmendorf Ehrenmal", "location_type": null, "parent_station": "43351P" }, "geometry": { "type": "Point", "coordinates": [ 7.674897, 51.930285 ] } },
{ "type": "Feature", "properties": { "stop_id": "4335102", "stop_name": "Gremmendorf Ehrenmal", "location_type": null, "parent_station": "43351P" }, "geometry": { "type": "Point", "coordinates": [ 7.674959, 51.930366 ] } },
{ "type": "Feature", "properties": { "stop_id": "4336001", "stop_name": "Gremmendorfer Weg B", "location_type": null, "parent_station": "43360P" }, "geometry": { "type": "Point", "coordinates": [ 7.666991, 51.92885 ] } },
{ "type": "Feature", "properties": { "stop_id": "4336002", "stop_name": "Gremmendorfer Weg A", "location_type": null, "parent_station": "43360P" }, "geometry": { "type": "Point", "coordinates": [ 7.66739, 51.928893 ] } },
{ "type": "Feature", "properties": { "stop_id": "4337101", "stop_name": "Erbdrostenweg", "location_type": null, "parent_station": "43371P" }, "geometry": { "type": "Point", "coordinates": [ 7.665323, 51.930309 ] } },
{ "type": "Feature", "properties": { "stop_id": "4337102", "stop_name": "Erbdrostenweg", "location_type": null, "parent_station": "43371P" }, "geometry": { "type": "Point", "coordinates": [ 7.66456, 51.931306 ] } },
{ "type": "Feature", "properties": { "stop_id": "4339101", "stop_name": "Loddenheide / Beresa", "location_type": null, "parent_station": "43391P" }, "geometry": { "type": "Point", "coordinates": [ 7.650516, 51.940646 ] } },
{ "type": "Feature", "properties": { "stop_id": "4339102", "stop_name": "Loddenheide / Beresa", "location_type": null, "parent_station": "43391P" }, "geometry": { "type": "Point", "coordinates": [ 7.650264, 51.941163 ] } },
{ "type": "Feature", "properties": { "stop_id": "4339501", "stop_name": "Willy-Brandt-Weg A", "location_type": null, "parent_station": "43395P" }, "geometry": { "type": "Point", "coordinates": [ 7.653761, 51.938261 ] } },
{ "type": "Feature", "properties": { "stop_id": "4339502", "stop_name": "Willy-Brandt-Weg B", "location_type": null, "parent_station": "43395P" }, "geometry": { "type": "Point", "coordinates": [ 7.652847, 51.939187 ] } },
{ "type": "Feature", "properties": { "stop_id": "4340101", "stop_name": "P+R Nieberdingstr.", "location_type": null, "parent_station": "43401P" }, "geometry": { "type": "Point", "coordinates": [ 7.645076, 51.945483 ] } },
{ "type": "Feature", "properties": { "stop_id": "4340102", "stop_name": "P+R Nieberdingstr.", "location_type": null, "parent_station": "43401P" }, "geometry": { "type": "Point", "coordinates": [ 7.64549, 51.945541 ] } },
{ "type": "Feature", "properties": { "stop_id": "4341101", "stop_name": "MCC Halle Münsterland", "location_type": null, "parent_station": "43411P" }, "geometry": { "type": "Point", "coordinates": [ 7.639397, 51.94888 ] } },
{ "type": "Feature", "properties": { "stop_id": "4341102", "stop_name": "MCC Halle Münsterland", "location_type": null, "parent_station": "43411P" }, "geometry": { "type": "Point", "coordinates": [ 7.638964, 51.949459 ] } },
{ "type": "Feature", "properties": { "stop_id": "4341501", "stop_name": "Stadtwerke / Hafen B", "location_type": null, "parent_station": "43415P" }, "geometry": { "type": "Point", "coordinates": [ 7.637327, 51.950315 ] } },
{ "type": "Feature", "properties": { "stop_id": "4341502", "stop_name": "Stadtwerke / Hafen A", "location_type": null, "parent_station": "43415P" }, "geometry": { "type": "Point", "coordinates": [ 7.637272, 51.950744 ] } },
{ "type": "Feature", "properties": { "stop_id": "4342101", "stop_name": "Hansaring A", "location_type": null, "parent_station": "43421P" }, "geometry": { "type": "Point", "coordinates": [ 7.635982, 51.951763 ] } },
{ "type": "Feature", "properties": { "stop_id": "4342102", "stop_name": "Hansaring B", "location_type": null, "parent_station": "43421P" }, "geometry": { "type": "Point", "coordinates": [ 7.636297, 51.951888 ] } },
{ "type": "Feature", "properties": { "stop_id": "4342103", "stop_name": "Hansaring C", "location_type": null, "parent_station": "43421P" }, "geometry": { "type": "Point", "coordinates": [ 7.638469, 51.952964 ] } },
{ "type": "Feature", "properties": { "stop_id": "4343101", "stop_name": "Von-Steuben-Straße B", "location_type": null, "parent_station": "43431P" }, "geometry": { "type": "Point", "coordinates": [ 7.631453, 51.954344 ] } },
{ "type": "Feature", "properties": { "stop_id": "4343102", "stop_name": "Von-Steuben-Straße A", "location_type": null, "parent_station": "43431P" }, "geometry": { "type": "Point", "coordinates": [ 7.63165, 51.95445 ] } },
{ "type": "Feature", "properties": { "stop_id": "4345101", "stop_name": "Hülsenbusch", "location_type": null, "parent_station": "43451P" }, "geometry": { "type": "Point", "coordinates": [ 7.61994, 51.926139 ] } },
{ "type": "Feature", "properties": { "stop_id": "4345102", "stop_name": "Hülsenbusch", "location_type": null, "parent_station": "43451P" }, "geometry": { "type": "Point", "coordinates": [ 7.619846, 51.926586 ] } },
{ "type": "Feature", "properties": { "stop_id": "4346101", "stop_name": "Drachterstraße", "location_type": null, "parent_station": "43461P" }, "geometry": { "type": "Point", "coordinates": [ 7.624332, 51.925114 ] } },
{ "type": "Feature", "properties": { "stop_id": "4346102", "stop_name": "Drachterstraße", "location_type": null, "parent_station": "43461P" }, "geometry": { "type": "Point", "coordinates": [ 7.623655, 51.925273 ] } },
{ "type": "Feature", "properties": { "stop_id": "4347101", "stop_name": "Alte Reitbahn", "location_type": null, "parent_station": "43471P" }, "geometry": { "type": "Point", "coordinates": [ 7.628653, 51.926837 ] } },
{ "type": "Feature", "properties": { "stop_id": "4347102", "stop_name": "Alte Reitbahn", "location_type": null, "parent_station": "43471P" }, "geometry": { "type": "Point", "coordinates": [ 7.628996, 51.926943 ] } },
{ "type": "Feature", "properties": { "stop_id": "4348001", "stop_name": "LVM-Preußenstadion B", "location_type": null, "parent_station": "43480P" }, "geometry": { "type": "Point", "coordinates": [ 7.626658, 51.931541 ] } },
{ "type": "Feature", "properties": { "stop_id": "4348002", "stop_name": "LVM-Preußenstadion A", "location_type": null, "parent_station": "43480P" }, "geometry": { "type": "Point", "coordinates": [ 7.626601, 51.932535 ] } },
{ "type": "Feature", "properties": { "stop_id": "4348003", "stop_name": "LVM-Preußenstadion C", "location_type": null, "parent_station": "43480P" }, "geometry": { "type": "Point", "coordinates": [ 7.625613, 51.931772 ] } },
{ "type": "Feature", "properties": { "stop_id": "4349101", "stop_name": "Düesbergweg", "location_type": null, "parent_station": "43491P" }, "geometry": { "type": "Point", "coordinates": [ 7.625406, 51.935092 ] } },
{ "type": "Feature", "properties": { "stop_id": "4349102", "stop_name": "Düesbergweg", "location_type": null, "parent_station": "43491P" }, "geometry": { "type": "Point", "coordinates": [ 7.625831, 51.934654 ] } },
{ "type": "Feature", "properties": { "stop_id": "4350101", "stop_name": "Königsweg", "location_type": null, "parent_station": "43501P" }, "geometry": { "type": "Point", "coordinates": [ 7.624225, 51.939722 ] } },
{ "type": "Feature", "properties": { "stop_id": "4350102", "stop_name": "Königsweg", "location_type": null, "parent_station": "43501P" }, "geometry": { "type": "Point", "coordinates": [ 7.624747, 51.938927 ] } },
{ "type": "Feature", "properties": { "stop_id": "4353101", "stop_name": "Scheibenstr.", "location_type": null, "parent_station": "43531P" }, "geometry": { "type": "Point", "coordinates": [ 7.624942, 51.942176 ] } },
{ "type": "Feature", "properties": { "stop_id": "4353102", "stop_name": "Scheibenstr.", "location_type": null, "parent_station": "43531P" }, "geometry": { "type": "Point", "coordinates": [ 7.62526, 51.942128 ] } },
{ "type": "Feature", "properties": { "stop_id": "4355101", "stop_name": "Timmerscheidtstr.", "location_type": null, "parent_station": "43551P" }, "geometry": { "type": "Point", "coordinates": [ 7.628627, 51.943992 ] } },
{ "type": "Feature", "properties": { "stop_id": "4355102", "stop_name": "Timmerscheidtstr.", "location_type": null, "parent_station": "43551P" }, "geometry": { "type": "Point", "coordinates": [ 7.629638, 51.944552 ] } },
{ "type": "Feature", "properties": { "stop_id": "4356101", "stop_name": "Augustastraße", "location_type": null, "parent_station": "43561P" }, "geometry": { "type": "Point", "coordinates": [ 7.631137, 51.947874 ] } },
{ "type": "Feature", "properties": { "stop_id": "4356102", "stop_name": "Augustastraße", "location_type": null, "parent_station": "43561P" }, "geometry": { "type": "Point", "coordinates": [ 7.631245, 51.947546 ] } },
{ "type": "Feature", "properties": { "stop_id": "4357101", "stop_name": "Friedrich-Ebert-Platz", "location_type": null, "parent_station": "43571P" }, "geometry": { "type": "Point", "coordinates": [ 7.631423, 51.951004 ] } },
{ "type": "Feature", "properties": { "stop_id": "4357102", "stop_name": "Friedrich-Ebert-Platz", "location_type": null, "parent_station": "43571P" }, "geometry": { "type": "Point", "coordinates": [ 7.631463, 51.951204 ] } },
{ "type": "Feature", "properties": { "stop_id": "4358101", "stop_name": "Heilig-Geist-Kirche", "location_type": null, "parent_station": "43581P" }, "geometry": { "type": "Point", "coordinates": [ 7.620919, 51.940401 ] } },
{ "type": "Feature", "properties": { "stop_id": "4358102", "stop_name": "Heilig-Geist-Kirche", "location_type": null, "parent_station": "43581P" }, "geometry": { "type": "Point", "coordinates": [ 7.620572, 51.940221 ] } },
{ "type": "Feature", "properties": { "stop_id": "4359101", "stop_name": "Metzer Straße", "location_type": null, "parent_station": "43591P" }, "geometry": { "type": "Point", "coordinates": [ 7.623568, 51.942207 ] } },
{ "type": "Feature", "properties": { "stop_id": "4359102", "stop_name": "Metzer Straße", "location_type": null, "parent_station": "43591P" }, "geometry": { "type": "Point", "coordinates": [ 7.623744, 51.942529 ] } },
{ "type": "Feature", "properties": { "stop_id": "4360001", "stop_name": "Alter Schützenhof A", "location_type": null, "parent_station": "43600P" }, "geometry": { "type": "Point", "coordinates": [ 7.62326, 51.945994 ] } },
{ "type": "Feature", "properties": { "stop_id": "4360002", "stop_name": "Alter Schützenhof B", "location_type": null, "parent_station": "43600P" }, "geometry": { "type": "Point", "coordinates": [ 7.623483, 51.945871 ] } },
{ "type": "Feature", "properties": { "stop_id": "4360003", "stop_name": "Alter Schützenhof C", "location_type": null, "parent_station": "43600P" }, "geometry": { "type": "Point", "coordinates": [ 7.622361, 51.945725 ] } },
{ "type": "Feature", "properties": { "stop_id": "4360004", "stop_name": "Alter Schützenhof D", "location_type": null, "parent_station": "43600P" }, "geometry": { "type": "Point", "coordinates": [ 7.622616, 51.945864 ] } },
{ "type": "Feature", "properties": { "stop_id": "4361101", "stop_name": "St.-Joseph-Kirche", "location_type": null, "parent_station": "43611P" }, "geometry": { "type": "Point", "coordinates": [ 7.624412, 51.949336 ] } },
{ "type": "Feature", "properties": { "stop_id": "4361102", "stop_name": "St.-Joseph-Kirche", "location_type": null, "parent_station": "43611P" }, "geometry": { "type": "Point", "coordinates": [ 7.624786, 51.950185 ] } },
{ "type": "Feature", "properties": { "stop_id": "4362101", "stop_name": "Goebenstraße", "location_type": null, "parent_station": "43621P" }, "geometry": { "type": "Point", "coordinates": [ 7.625532, 51.952884 ] } },
{ "type": "Feature", "properties": { "stop_id": "4362102", "stop_name": "Goebenstraße", "location_type": null, "parent_station": "43621P" }, "geometry": { "type": "Point", "coordinates": [ 7.625672, 51.952837 ] } },
{ "type": "Feature", "properties": { "stop_id": "4363101", "stop_name": "Adlerhorst", "location_type": null, "parent_station": "43631P" }, "geometry": { "type": "Point", "coordinates": [ 7.677201, 51.966665 ] } },
{ "type": "Feature", "properties": { "stop_id": "4363102", "stop_name": "Adlerhorst", "location_type": null, "parent_station": "43631P" }, "geometry": { "type": "Point", "coordinates": [ 7.676826, 51.965896 ] } },
{ "type": "Feature", "properties": { "stop_id": "4365101", "stop_name": "Hochstraße", "location_type": null, "parent_station": "43651P" }, "geometry": { "type": "Point", "coordinates": [ 7.62142, 51.950212 ] } },
{ "type": "Feature", "properties": { "stop_id": "4365102", "stop_name": "Hochstraße", "location_type": null, "parent_station": "43651P" }, "geometry": { "type": "Point", "coordinates": [ 7.621582, 51.950092 ] } },
{ "type": "Feature", "properties": { "stop_id": "4371101", "stop_name": "Kesslerweg", "location_type": null, "parent_station": "43711P" }, "geometry": { "type": "Point", "coordinates": [ 7.649201, 51.922126 ] } },
{ "type": "Feature", "properties": { "stop_id": "4371102", "stop_name": "Kesslerweg", "location_type": null, "parent_station": "43711P" }, "geometry": { "type": "Point", "coordinates": [ 7.649177, 51.922381 ] } },
{ "type": "Feature", "properties": { "stop_id": "4372102", "stop_name": "Bonifatiusweg", "location_type": null, "parent_station": "43721P" }, "geometry": { "type": "Point", "coordinates": [ 7.655696, 51.924555 ] } },
{ "type": "Feature", "properties": { "stop_id": "4373001", "stop_name": "Krögerweg", "location_type": null, "parent_station": "43730P" }, "geometry": { "type": "Point", "coordinates": [ 7.658123, 51.924243 ] } },
{ "type": "Feature", "properties": { "stop_id": "4374101", "stop_name": "Schmitz-Kühlken", "location_type": null, "parent_station": "43741P" }, "geometry": { "type": "Point", "coordinates": [ 7.655399, 51.922182 ] } },
{ "type": "Feature", "properties": { "stop_id": "4374102", "stop_name": "Schmitz-Kühlken", "location_type": null, "parent_station": "43741P" }, "geometry": { "type": "Point", "coordinates": [ 7.65463, 51.922074 ] } },
{ "type": "Feature", "properties": { "stop_id": "4375101", "stop_name": "Höltenweg", "location_type": null, "parent_station": "43751P" }, "geometry": { "type": "Point", "coordinates": [ 7.650405, 51.924725 ] } },
{ "type": "Feature", "properties": { "stop_id": "4375102", "stop_name": "Höltenweg", "location_type": null, "parent_station": "43751P" }, "geometry": { "type": "Point", "coordinates": [ 7.650363, 51.925171 ] } },
{ "type": "Feature", "properties": { "stop_id": "4377101", "stop_name": "Trauttmansdorffstraße", "location_type": null, "parent_station": "43771P" }, "geometry": { "type": "Point", "coordinates": [ 7.637936, 51.926061 ] } },
{ "type": "Feature", "properties": { "stop_id": "4377102", "stop_name": "Trauttmansdorffstraße", "location_type": null, "parent_station": "43771P" }, "geometry": { "type": "Point", "coordinates": [ 7.637058, 51.926011 ] } },
{ "type": "Feature", "properties": { "stop_id": "4378101", "stop_name": "Schuckertstraße", "location_type": null, "parent_station": "43781P" }, "geometry": { "type": "Point", "coordinates": [ 7.633436, 51.927187 ] } },
{ "type": "Feature", "properties": { "stop_id": "4378102", "stop_name": "Schuckertstraße", "location_type": null, "parent_station": "43781P" }, "geometry": { "type": "Point", "coordinates": [ 7.633745, 51.926902 ] } },
{ "type": "Feature", "properties": { "stop_id": "4379101", "stop_name": "Geister Landweg", "location_type": null, "parent_station": "43791P" }, "geometry": { "type": "Point", "coordinates": [ 7.632641, 51.928705 ] } },
{ "type": "Feature", "properties": { "stop_id": "4379102", "stop_name": "Geister Landweg", "location_type": null, "parent_station": "43791P" }, "geometry": { "type": "Point", "coordinates": [ 7.632713, 51.92884 ] } },
{ "type": "Feature", "properties": { "stop_id": "4380101", "stop_name": "Siemensstraße", "location_type": null, "parent_station": "43801P" }, "geometry": { "type": "Point", "coordinates": [ 7.630783, 51.932311 ] } },
{ "type": "Feature", "properties": { "stop_id": "4380102", "stop_name": "Siemensstraße", "location_type": null, "parent_station": "43801P" }, "geometry": { "type": "Point", "coordinates": [ 7.630843, 51.932461 ] } },
{ "type": "Feature", "properties": { "stop_id": "4381101", "stop_name": "Robert-Bosch-Straße", "location_type": null, "parent_station": "43811P" }, "geometry": { "type": "Point", "coordinates": [ 7.633721, 51.935351 ] } },
{ "type": "Feature", "properties": { "stop_id": "4381102", "stop_name": "Robert-Bosch-Straße", "location_type": null, "parent_station": "43811P" }, "geometry": { "type": "Point", "coordinates": [ 7.633301, 51.935127 ] } },
{ "type": "Feature", "properties": { "stop_id": "4382101", "stop_name": "Umgehungsstraße", "location_type": null, "parent_station": "43821P" }, "geometry": { "type": "Point", "coordinates": [ 7.635855, 51.937197 ] } },
{ "type": "Feature", "properties": { "stop_id": "4382102", "stop_name": "Umgehungsstraße", "location_type": null, "parent_station": "43821P" }, "geometry": { "type": "Point", "coordinates": [ 7.636039, 51.937079 ] } },
{ "type": "Feature", "properties": { "stop_id": "4383101", "stop_name": "Westfalen AG", "location_type": null, "parent_station": "43831P" }, "geometry": { "type": "Point", "coordinates": [ 7.634559, 51.946263 ] } },
{ "type": "Feature", "properties": { "stop_id": "4383102", "stop_name": "Westfalen AG", "location_type": null, "parent_station": "43831P" }, "geometry": { "type": "Point", "coordinates": [ 7.634725, 51.946313 ] } },
{ "type": "Feature", "properties": { "stop_id": "4384101", "stop_name": "Emdener Straße", "location_type": null, "parent_station": "43841P" }, "geometry": { "type": "Point", "coordinates": [ 7.64394, 51.953542 ] } },
{ "type": "Feature", "properties": { "stop_id": "4384102", "stop_name": "Emdener Straße", "location_type": null, "parent_station": "43841P" }, "geometry": { "type": "Point", "coordinates": [ 7.642344, 51.953332 ] } },
{ "type": "Feature", "properties": { "stop_id": "4385101", "stop_name": "Fundfahrrad-Station", "location_type": null, "parent_station": "43851P" }, "geometry": { "type": "Point", "coordinates": [ 7.635784, 51.942851 ] } },
{ "type": "Feature", "properties": { "stop_id": "4385102", "stop_name": "Fundfahrrad-Station", "location_type": null, "parent_station": "43851P" }, "geometry": { "type": "Point", "coordinates": [ 7.635934, 51.942769 ] } },
{ "type": "Feature", "properties": { "stop_id": "4386101", "stop_name": "AGRAVIS", "location_type": null, "parent_station": "43861P" }, "geometry": { "type": "Point", "coordinates": [ 7.635214, 51.93998 ] } },
{ "type": "Feature", "properties": { "stop_id": "4386102", "stop_name": "AGRAVIS", "location_type": null, "parent_station": "43861P" }, "geometry": { "type": "Point", "coordinates": [ 7.635341, 51.940011 ] } },
{ "type": "Feature", "properties": { "stop_id": "4387101", "stop_name": "Sporthalle Berg Fidel", "location_type": null, "parent_station": "43871P" }, "geometry": { "type": "Point", "coordinates": [ 7.622358, 51.928868 ] } },
{ "type": "Feature", "properties": { "stop_id": "4387102", "stop_name": "Sporthalle Berg Fidel", "location_type": null, "parent_station": "43871P" }, "geometry": { "type": "Point", "coordinates": [ 7.622653, 51.928525 ] } },
{ "type": "Feature", "properties": { "stop_id": "4389001", "stop_name": "Hansa-Berufskolleg B", "location_type": null, "parent_station": "43890P" }, "geometry": { "type": "Point", "coordinates": [ 7.647096, 51.955201 ] } },
{ "type": "Feature", "properties": { "stop_id": "4389002", "stop_name": "Hansa-Berufskolleg A", "location_type": null, "parent_station": "43890P" }, "geometry": { "type": "Point", "coordinates": [ 7.646994, 51.955329 ] } },
{ "type": "Feature", "properties": { "stop_id": "4389003", "stop_name": "Hansa-Berufskolleg D", "location_type": null, "parent_station": "43890P" }, "geometry": { "type": "Point", "coordinates": [ 7.646577, 51.956489 ] } },
{ "type": "Feature", "properties": { "stop_id": "4390101", "stop_name": "Sophienstraße", "location_type": null, "parent_station": "43901P" }, "geometry": { "type": "Point", "coordinates": [ 7.643398, 51.956207 ] } },
{ "type": "Feature", "properties": { "stop_id": "4390102", "stop_name": "Sophienstraße", "location_type": null, "parent_station": "43901P" }, "geometry": { "type": "Point", "coordinates": [ 7.644303, 51.955986 ] } },
{ "type": "Feature", "properties": { "stop_id": "4392101", "stop_name": "Rubensstraße C", "location_type": null, "parent_station": "43921P" }, "geometry": { "type": "Point", "coordinates": [ 7.674066, 51.905881 ] } },
{ "type": "Feature", "properties": { "stop_id": "4392102", "stop_name": "Rubensstraße B", "location_type": null, "parent_station": "43921P" }, "geometry": { "type": "Point", "coordinates": [ 7.674656, 51.906341 ] } },
{ "type": "Feature", "properties": { "stop_id": "4392103", "stop_name": "Rubensstraße A", "location_type": null, "parent_station": "43921P" }, "geometry": { "type": "Point", "coordinates": [ 7.673269, 51.906413 ] } },
{ "type": "Feature", "properties": { "stop_id": "4393101", "stop_name": "Paul-Klee-Weg", "location_type": null, "parent_station": "43931P" }, "geometry": { "type": "Point", "coordinates": [ 7.676974, 51.902528 ] } },
{ "type": "Feature", "properties": { "stop_id": "4393102", "stop_name": "Paul-Klee-Weg", "location_type": null, "parent_station": "43931P" }, "geometry": { "type": "Point", "coordinates": [ 7.677086, 51.902746 ] } },
{ "type": "Feature", "properties": { "stop_id": "4394101", "stop_name": "Emil-Nolde-Weg", "location_type": null, "parent_station": "43941P" }, "geometry": { "type": "Point", "coordinates": [ 7.67362, 51.900836 ] } },
{ "type": "Feature", "properties": { "stop_id": "4394102", "stop_name": "Emil-Nolde-Weg", "location_type": null, "parent_station": "43941P" }, "geometry": { "type": "Point", "coordinates": [ 7.672919, 51.900813 ] } },
{ "type": "Feature", "properties": { "stop_id": "4395002", "stop_name": "Franz-Marc-Weg", "location_type": null, "parent_station": "43950P" }, "geometry": { "type": "Point", "coordinates": [ 7.667001, 51.900808 ] } },
{ "type": "Feature", "properties": { "stop_id": "4396101", "stop_name": "Junker-Jörg-Platz", "location_type": null, "parent_station": "43961P" }, "geometry": { "type": "Point", "coordinates": [ 7.691115, 51.915754 ] } },
{ "type": "Feature", "properties": { "stop_id": "4396102", "stop_name": "Junker-Jörg-Platz", "location_type": null, "parent_station": "43961P" }, "geometry": { "type": "Point", "coordinates": [ 7.689705, 51.915437 ] } },
{ "type": "Feature", "properties": { "stop_id": "4397101", "stop_name": "Paul-Engelhard-Weg", "location_type": null, "parent_station": "43971P" }, "geometry": { "type": "Point", "coordinates": [ 7.67133, 51.924812 ] } },
{ "type": "Feature", "properties": { "stop_id": "4397102", "stop_name": "Paul-Engelhard-Weg", "location_type": null, "parent_station": "43971P" }, "geometry": { "type": "Point", "coordinates": [ 7.670448, 51.925949 ] } },
{ "type": "Feature", "properties": { "stop_id": "4398101", "stop_name": "Adolf-Wentrup-Weg", "location_type": null, "parent_station": "43981P" }, "geometry": { "type": "Point", "coordinates": [ 7.669378, 51.901447 ] } },
{ "type": "Feature", "properties": { "stop_id": "4398102", "stop_name": "Adolf-Wentrup-Weg", "location_type": null, "parent_station": "43981P" }, "geometry": { "type": "Point", "coordinates": [ 7.669501, 51.901381 ] } },
{ "type": "Feature", "properties": { "stop_id": "4399101", "stop_name": "Heumannsweg", "location_type": null, "parent_station": "43991P" }, "geometry": { "type": "Point", "coordinates": [ 7.661156, 51.933308 ] } },
{ "type": "Feature", "properties": { "stop_id": "4399102", "stop_name": "Heumannsweg", "location_type": null, "parent_station": "43991P" }, "geometry": { "type": "Point", "coordinates": [ 7.659339, 51.934852 ] } },
{ "type": "Feature", "properties": { "stop_id": "4399501", "stop_name": "Martin-Luther-King-Weg", "location_type": null, "parent_station": "43995P" }, "geometry": { "type": "Point", "coordinates": [ 7.655604, 51.937029 ] } },
{ "type": "Feature", "properties": { "stop_id": "4401101", "stop_name": "Werneweg", "location_type": null, "parent_station": "44011P" }, "geometry": { "type": "Point", "coordinates": [ 7.603591, 51.923405 ] } },
{ "type": "Feature", "properties": { "stop_id": "4401102", "stop_name": "Werneweg", "location_type": null, "parent_station": "44011P" }, "geometry": { "type": "Point", "coordinates": [ 7.604215, 51.924494 ] } },
{ "type": "Feature", "properties": { "stop_id": "4402001", "stop_name": "Kriegerweg B", "location_type": null, "parent_station": "44020P" }, "geometry": { "type": "Point", "coordinates": [ 7.6034, 51.922534 ] } },
{ "type": "Feature", "properties": { "stop_id": "4403101", "stop_name": "Brunnenweg", "location_type": null, "parent_station": "44031P" }, "geometry": { "type": "Point", "coordinates": [ 7.604934, 51.926811 ] } },
{ "type": "Feature", "properties": { "stop_id": "4403102", "stop_name": "Brunnenweg", "location_type": null, "parent_station": "44031P" }, "geometry": { "type": "Point", "coordinates": [ 7.605193, 51.926879 ] } },
{ "type": "Feature", "properties": { "stop_id": "4404001", "stop_name": "Clemenshospital", "location_type": null, "parent_station": "44040P" }, "geometry": { "type": "Point", "coordinates": [ 7.61587, 51.93326 ] } },
{ "type": "Feature", "properties": { "stop_id": "4404002", "stop_name": "Clemenshospital", "location_type": null, "parent_station": "44040P" }, "geometry": { "type": "Point", "coordinates": [ 7.615858, 51.932866 ] } },
{ "type": "Feature", "properties": { "stop_id": "4405001", "stop_name": "Düesbergpark B", "location_type": null, "parent_station": "44050P" }, "geometry": { "type": "Point", "coordinates": [ 7.607467, 51.930299 ] } },
{ "type": "Feature", "properties": { "stop_id": "4405002", "stop_name": "Düesbergpark A", "location_type": null, "parent_station": "44050P" }, "geometry": { "type": "Point", "coordinates": [ 7.606919, 51.931061 ] } },
{ "type": "Feature", "properties": { "stop_id": "4405003", "stop_name": "Düesbergpark C", "location_type": null, "parent_station": "44050P" }, "geometry": { "type": "Point", "coordinates": [ 7.606274, 51.930107 ] } },
{ "type": "Feature", "properties": { "stop_id": "4406101", "stop_name": "Grüner Grund", "location_type": null, "parent_station": "44061P" }, "geometry": { "type": "Point", "coordinates": [ 7.613954, 51.939769 ] } },
{ "type": "Feature", "properties": { "stop_id": "4406102", "stop_name": "Grüner Grund", "location_type": null, "parent_station": "44061P" }, "geometry": { "type": "Point", "coordinates": [ 7.61425, 51.939655 ] } },
{ "type": "Feature", "properties": { "stop_id": "4407101", "stop_name": "Oberschlesier Straße", "location_type": null, "parent_station": "44071P" }, "geometry": { "type": "Point", "coordinates": [ 7.608854, 51.936271 ] } },
{ "type": "Feature", "properties": { "stop_id": "4407102", "stop_name": "Oberschlesier Straße", "location_type": null, "parent_station": "44071P" }, "geometry": { "type": "Point", "coordinates": [ 7.609001, 51.936139 ] } },
{ "type": "Feature", "properties": { "stop_id": "4408001", "stop_name": "Inselbogen / Sparkassenzentrale B", "location_type": null, "parent_station": "44080P" }, "geometry": { "type": "Point", "coordinates": [ 7.608778, 51.940351 ] } },
{ "type": "Feature", "properties": { "stop_id": "4408002", "stop_name": "Inselbogen / Sparkassenzentrale A", "location_type": null, "parent_station": "44080P" }, "geometry": { "type": "Point", "coordinates": [ 7.609121, 51.940294 ] } },
{ "type": "Feature", "properties": { "stop_id": "4408003", "stop_name": "Inselbogen / Sparkassenzentrale C", "location_type": null, "parent_station": "44080P" }, "geometry": { "type": "Point", "coordinates": [ 7.609857, 51.939498 ] } },
{ "type": "Feature", "properties": { "stop_id": "4409101", "stop_name": "DZ HYP / IHK", "location_type": null, "parent_station": "44091P" }, "geometry": { "type": "Point", "coordinates": [ 7.612046, 51.944199 ] } },
{ "type": "Feature", "properties": { "stop_id": "4409102", "stop_name": "DZ HYP / IHK", "location_type": null, "parent_station": "44091P" }, "geometry": { "type": "Point", "coordinates": [ 7.612396, 51.94424 ] } },
{ "type": "Feature", "properties": { "stop_id": "4410101", "stop_name": "Kolde-Ring / LVM C", "location_type": null, "parent_station": "44101P" }, "geometry": { "type": "Point", "coordinates": [ 7.615321, 51.949964 ] } },
{ "type": "Feature", "properties": { "stop_id": "4410102", "stop_name": "Kolde-Ring / LVM A", "location_type": null, "parent_station": "44101P" }, "geometry": { "type": "Point", "coordinates": [ 7.616819, 51.949517 ] } },
{ "type": "Feature", "properties": { "stop_id": "4410103", "stop_name": "Kolde-Ring / LVM B", "location_type": null, "parent_station": "44101P" }, "geometry": { "type": "Point", "coordinates": [ 7.616151, 51.949289 ] } },
{ "type": "Feature", "properties": { "stop_id": "4410104", "stop_name": "Kolde-Ring / LVM D", "location_type": null, "parent_station": "44101P" }, "geometry": { "type": "Point", "coordinates": [ 7.617276, 51.950078 ] } },
{ "type": "Feature", "properties": { "stop_id": "4411001", "stop_name": "Meckmannweg D", "location_type": null, "parent_station": "44110P" }, "geometry": { "type": "Point", "coordinates": [ 7.570366, 51.929838 ] } },
{ "type": "Feature", "properties": { "stop_id": "4411002", "stop_name": "Meckmannweg A", "location_type": null, "parent_station": "44110P" }, "geometry": { "type": "Point", "coordinates": [ 7.571113, 51.929491 ] } },
{ "type": "Feature", "properties": { "stop_id": "4411004", "stop_name": "Meckmannweg B", "location_type": null, "parent_station": "44110P" }, "geometry": { "type": "Point", "coordinates": [ 7.570017, 51.930025 ] } },
{ "type": "Feature", "properties": { "stop_id": "4411501", "stop_name": "Christoph-Bernhard-Graben A", "location_type": null, "parent_station": "44115P" }, "geometry": { "type": "Point", "coordinates": [ 7.575073, 51.92973 ] } },
{ "type": "Feature", "properties": { "stop_id": "4411502", "stop_name": "Christoph-Bernhard-Graben B", "location_type": null, "parent_station": "44115P" }, "geometry": { "type": "Point", "coordinates": [ 7.575775, 51.929982 ] } },
{ "type": "Feature", "properties": { "stop_id": "4412101", "stop_name": "Holtkamp", "location_type": null, "parent_station": "44121P" }, "geometry": { "type": "Point", "coordinates": [ 7.572397, 51.927923 ] } },
{ "type": "Feature", "properties": { "stop_id": "4412102", "stop_name": "Holtkamp", "location_type": null, "parent_station": "44121P" }, "geometry": { "type": "Point", "coordinates": [ 7.572384, 51.927791 ] } },
{ "type": "Feature", "properties": { "stop_id": "4413101", "stop_name": "Geiststraße A", "location_type": null, "parent_station": "44131P" }, "geometry": { "type": "Point", "coordinates": [ 7.61836, 51.951905 ] } },
{ "type": "Feature", "properties": { "stop_id": "4413102", "stop_name": "Geiststraße B", "location_type": null, "parent_station": "44131P" }, "geometry": { "type": "Point", "coordinates": [ 7.619033, 51.952323 ] } },
{ "type": "Feature", "properties": { "stop_id": "4413103", "stop_name": "Geiststraße C", "location_type": null, "parent_station": "44131P" }, "geometry": { "type": "Point", "coordinates": [ 7.619959, 51.952197 ] } },
{ "type": "Feature", "properties": { "stop_id": "4414101", "stop_name": "Dingbängerweg B", "location_type": null, "parent_station": "44141P" }, "geometry": { "type": "Point", "coordinates": [ 7.582983, 51.926578 ] } },
{ "type": "Feature", "properties": { "stop_id": "4414102", "stop_name": "Dingbängerweg A", "location_type": null, "parent_station": "44141P" }, "geometry": { "type": "Point", "coordinates": [ 7.583341, 51.92651 ] } },
{ "type": "Feature", "properties": { "stop_id": "4414104", "stop_name": "Dingbängerweg C", "location_type": null, "parent_station": "44141P" }, "geometry": { "type": "Point", "coordinates": [ 7.583434, 51.927327 ] } },
{ "type": "Feature", "properties": { "stop_id": "4415101", "stop_name": "Umspannwerk", "location_type": null, "parent_station": "44151P" }, "geometry": { "type": "Point", "coordinates": [ 7.587874, 51.928168 ] } },
{ "type": "Feature", "properties": { "stop_id": "4415102", "stop_name": "Umspannwerk", "location_type": null, "parent_station": "44151P" }, "geometry": { "type": "Point", "coordinates": [ 7.58809, 51.928104 ] } },
{ "type": "Feature", "properties": { "stop_id": "4416101", "stop_name": "Kerkheideweg / Brillux", "location_type": null, "parent_station": "44161P" }, "geometry": { "type": "Point", "coordinates": [ 7.594443, 51.931556 ] } },
{ "type": "Feature", "properties": { "stop_id": "4416102", "stop_name": "Kerkheideweg / Brillux", "location_type": null, "parent_station": "44161P" }, "geometry": { "type": "Point", "coordinates": [ 7.595317, 51.931861 ] } },
{ "type": "Feature", "properties": { "stop_id": "4417101", "stop_name": "Boeselagerstr.", "location_type": null, "parent_station": "44171P" }, "geometry": { "type": "Point", "coordinates": [ 7.599747, 51.934574 ] } },
{ "type": "Feature", "properties": { "stop_id": "4417102", "stop_name": "Boeselagerstr.", "location_type": null, "parent_station": "44171P" }, "geometry": { "type": "Point", "coordinates": [ 7.600119, 51.934572 ] } },
{ "type": "Feature", "properties": { "stop_id": "4418101", "stop_name": "Buckstraße", "location_type": null, "parent_station": "44181P" }, "geometry": { "type": "Point", "coordinates": [ 7.605852, 51.938108 ] } },
{ "type": "Feature", "properties": { "stop_id": "4418102", "stop_name": "Buckstraße", "location_type": null, "parent_station": "44181P" }, "geometry": { "type": "Point", "coordinates": [ 7.606432, 51.938169 ] } },
{ "type": "Feature", "properties": { "stop_id": "4419101", "stop_name": "Altenroxel Friedhof", "location_type": null, "parent_station": "44191P" }, "geometry": { "type": "Point", "coordinates": [ 7.574115, 51.937484 ] } },
{ "type": "Feature", "properties": { "stop_id": "4419102", "stop_name": "Altenroxel Friedhof", "location_type": null, "parent_station": "44191P" }, "geometry": { "type": "Point", "coordinates": [ 7.574073, 51.93737 ] } },
{ "type": "Feature", "properties": { "stop_id": "4420101", "stop_name": "P+R Weseler Straße B", "location_type": null, "parent_station": "44201P" }, "geometry": { "type": "Point", "coordinates": [ 7.602869, 51.936209 ] } },
{ "type": "Feature", "properties": { "stop_id": "4420102", "stop_name": "P+R Weseler Straße A", "location_type": null, "parent_station": "44201P" }, "geometry": { "type": "Point", "coordinates": [ 7.603558, 51.93628 ] } },
{ "type": "Feature", "properties": { "stop_id": "4421101", "stop_name": "Mersmannsstiege", "location_type": null, "parent_station": "44211P" }, "geometry": { "type": "Point", "coordinates": [ 7.591849, 51.93011 ] } },
{ "type": "Feature", "properties": { "stop_id": "4421102", "stop_name": "Mersmannsstiege", "location_type": null, "parent_station": "44211P" }, "geometry": { "type": "Point", "coordinates": [ 7.592937, 51.930515 ] } },
{ "type": "Feature", "properties": { "stop_id": "4422101", "stop_name": "Bischopinkstr. A", "location_type": null, "parent_station": "44221P" }, "geometry": { "type": "Point", "coordinates": [ 7.597176, 51.942434 ] } },
{ "type": "Feature", "properties": { "stop_id": "4422102", "stop_name": "Bischopinkstr. B", "location_type": null, "parent_station": "44221P" }, "geometry": { "type": "Point", "coordinates": [ 7.598259, 51.942927 ] } },
{ "type": "Feature", "properties": { "stop_id": "4422103", "stop_name": "Bischopinkstr. C", "location_type": null, "parent_station": "44221P" }, "geometry": { "type": "Point", "coordinates": [ 7.598118, 51.942389 ] } },
{ "type": "Feature", "properties": { "stop_id": "4423101", "stop_name": "Lange Ossenbeck", "location_type": null, "parent_station": "44231P" }, "geometry": { "type": "Point", "coordinates": [ 7.597792, 51.937123 ] } },
{ "type": "Feature", "properties": { "stop_id": "4423102", "stop_name": "Lange Ossenbeck", "location_type": null, "parent_station": "44231P" }, "geometry": { "type": "Point", "coordinates": [ 7.597852, 51.93707 ] } },
{ "type": "Feature", "properties": { "stop_id": "4424101", "stop_name": "Kleihorststraße", "location_type": null, "parent_station": "44241P" }, "geometry": { "type": "Point", "coordinates": [ 7.60036, 51.939354 ] } },
{ "type": "Feature", "properties": { "stop_id": "4424102", "stop_name": "Kleihorststraße", "location_type": null, "parent_station": "44241P" }, "geometry": { "type": "Point", "coordinates": [ 7.601022, 51.939636 ] } },
{ "type": "Feature", "properties": { "stop_id": "4426101", "stop_name": "Von-Ossietzky-Str.", "location_type": null, "parent_station": "44261P" }, "geometry": { "type": "Point", "coordinates": [ 7.600766, 51.940801 ] } },
{ "type": "Feature", "properties": { "stop_id": "4426102", "stop_name": "Von-Ossietzky-Str.", "location_type": null, "parent_station": "44261P" }, "geometry": { "type": "Point", "coordinates": [ 7.600376, 51.94116 ] } },
{ "type": "Feature", "properties": { "stop_id": "4427101", "stop_name": "Bonhoefferstr.", "location_type": null, "parent_station": "44271P" }, "geometry": { "type": "Point", "coordinates": [ 7.600504, 51.944449 ] } },
{ "type": "Feature", "properties": { "stop_id": "4427102", "stop_name": "Bonhoefferstr.", "location_type": null, "parent_station": "44271P" }, "geometry": { "type": "Point", "coordinates": [ 7.601458, 51.945444 ] } },
{ "type": "Feature", "properties": { "stop_id": "4428101", "stop_name": "Huberstraße", "location_type": null, "parent_station": "44281P" }, "geometry": { "type": "Point", "coordinates": [ 7.603279, 51.948008 ] } },
{ "type": "Feature", "properties": { "stop_id": "4428102", "stop_name": "Huberstraße", "location_type": null, "parent_station": "44281P" }, "geometry": { "type": "Point", "coordinates": [ 7.604804, 51.948734 ] } },
{ "type": "Feature", "properties": { "stop_id": "4429101", "stop_name": "Platz der Weißen Rose", "location_type": null, "parent_station": "44291P" }, "geometry": { "type": "Point", "coordinates": [ 7.608494, 51.950597 ] } },
{ "type": "Feature", "properties": { "stop_id": "4429102", "stop_name": "Platz der Weißen Rose", "location_type": null, "parent_station": "44291P" }, "geometry": { "type": "Point", "coordinates": [ 7.609307, 51.950796 ] } },
{ "type": "Feature", "properties": { "stop_id": "4430101", "stop_name": "Offenbergstraße", "location_type": null, "parent_station": "44301P" }, "geometry": { "type": "Point", "coordinates": [ 7.611749, 51.952117 ] } },
{ "type": "Feature", "properties": { "stop_id": "4430102", "stop_name": "Offenbergstraße", "location_type": null, "parent_station": "44301P" }, "geometry": { "type": "Point", "coordinates": [ 7.611554, 51.951909 ] } },
{ "type": "Feature", "properties": { "stop_id": "4431101", "stop_name": "Jugendgästehaus Aasee", "location_type": null, "parent_station": "44311P" }, "geometry": { "type": "Point", "coordinates": [ 7.61372, 51.953109 ] } },
{ "type": "Feature", "properties": { "stop_id": "4431102", "stop_name": "Jugendgästehaus Aasee", "location_type": null, "parent_station": "44311P" }, "geometry": { "type": "Point", "coordinates": [ 7.614494, 51.953352 ] } },
{ "type": "Feature", "properties": { "stop_id": "4432101", "stop_name": "St.-Gottfried-Kirche", "location_type": null, "parent_station": "44321P" }, "geometry": { "type": "Point", "coordinates": [ 7.612222, 51.930943 ] } },
{ "type": "Feature", "properties": { "stop_id": "4432102", "stop_name": "St.-Gottfried-Kirche", "location_type": null, "parent_station": "44321P" }, "geometry": { "type": "Point", "coordinates": [ 7.612374, 51.931061 ] } },
{ "type": "Feature", "properties": { "stop_id": "4441101", "stop_name": "Mecklenbeck Bahnhof", "location_type": null, "parent_station": "44411P" }, "geometry": { "type": "Point", "coordinates": [ 7.578723, 51.925248 ] } },
{ "type": "Feature", "properties": { "stop_id": "4441102", "stop_name": "Mecklenbeck Bahnhof", "location_type": null, "parent_station": "44411P" }, "geometry": { "type": "Point", "coordinates": [ 7.579958, 51.925386 ] } },
{ "type": "Feature", "properties": { "stop_id": "4492101", "stop_name": "Marga-Spiegel-Straße", "location_type": null, "parent_station": "44921P" }, "geometry": { "type": "Point", "coordinates": [ 7.534105, 51.924688 ] } },
{ "type": "Feature", "properties": { "stop_id": "4492102", "stop_name": "Marga-Spiegel-Straße", "location_type": null, "parent_station": "44921P" }, "geometry": { "type": "Point", "coordinates": [ 7.534711, 51.924506 ] } },
{ "type": "Feature", "properties": { "stop_id": "4493101", "stop_name": "Möselerhook", "location_type": null, "parent_station": "44931P" }, "geometry": { "type": "Point", "coordinates": [ 7.551272, 51.925064 ] } },
{ "type": "Feature", "properties": { "stop_id": "4493102", "stop_name": "Möselerhook", "location_type": null, "parent_station": "44931P" }, "geometry": { "type": "Point", "coordinates": [ 7.552073, 51.924955 ] } },
{ "type": "Feature", "properties": { "stop_id": "4494001", "stop_name": "Waldweg", "location_type": null, "parent_station": "44940P" }, "geometry": { "type": "Point", "coordinates": [ 7.575603, 51.918381 ] } },
{ "type": "Feature", "properties": { "stop_id": "4495102", "stop_name": "Rockbusch", "location_type": null, "parent_station": "44951P" }, "geometry": { "type": "Point", "coordinates": [ 7.575667, 51.919915 ] } },
{ "type": "Feature", "properties": { "stop_id": "4496101", "stop_name": "Ripenhorst", "location_type": null, "parent_station": "44961P" }, "geometry": { "type": "Point", "coordinates": [ 7.572788, 51.920287 ] } },
{ "type": "Feature", "properties": { "stop_id": "4496102", "stop_name": "Ripenhorst", "location_type": null, "parent_station": "44961P" }, "geometry": { "type": "Point", "coordinates": [ 7.573609, 51.92141 ] } },
{ "type": "Feature", "properties": { "stop_id": "4497101", "stop_name": "An der Hansalinie", "location_type": null, "parent_station": "44971P" }, "geometry": { "type": "Point", "coordinates": [ 7.561284, 51.925354 ] } },
{ "type": "Feature", "properties": { "stop_id": "4497102", "stop_name": "An der Hansalinie", "location_type": null, "parent_station": "44971P" }, "geometry": { "type": "Point", "coordinates": [ 7.562747, 51.925197 ] } },
{ "type": "Feature", "properties": { "stop_id": "4498101", "stop_name": "Alte Heroldstraße A", "location_type": null, "parent_station": "44981P" }, "geometry": { "type": "Point", "coordinates": [ 7.573266, 51.925046 ] } },
{ "type": "Feature", "properties": { "stop_id": "4498102", "stop_name": "Alte Heroldstraße B", "location_type": null, "parent_station": "44981P" }, "geometry": { "type": "Point", "coordinates": [ 7.573689, 51.924908 ] } },
{ "type": "Feature", "properties": { "stop_id": "4499101", "stop_name": "Siebenbürgenweg", "location_type": null, "parent_station": "44991P" }, "geometry": { "type": "Point", "coordinates": [ 7.607936, 51.934021 ] } },
{ "type": "Feature", "properties": { "stop_id": "4499102", "stop_name": "Siebenbürgenweg", "location_type": null, "parent_station": "44991P" }, "geometry": { "type": "Point", "coordinates": [ 7.607972, 51.933649 ] } },
{ "type": "Feature", "properties": { "stop_id": "4500101", "stop_name": "Redigerstraße", "location_type": null, "parent_station": "45001P" }, "geometry": { "type": "Point", "coordinates": [ 7.592983, 51.953779 ] } },
{ "type": "Feature", "properties": { "stop_id": "4501101", "stop_name": "Sentruper Höhe", "location_type": null, "parent_station": "45011P" }, "geometry": { "type": "Point", "coordinates": [ 7.593453, 51.956546 ] } },
{ "type": "Feature", "properties": { "stop_id": "4501102", "stop_name": "Sentruper Höhe", "location_type": null, "parent_station": "45011P" }, "geometry": { "type": "Point", "coordinates": [ 7.594405, 51.956894 ] } },
{ "type": "Feature", "properties": { "stop_id": "4502102", "stop_name": "Mausbachstraße", "location_type": null, "parent_station": "45021P" }, "geometry": { "type": "Point", "coordinates": [ 7.593685, 51.955473 ] } },
{ "type": "Feature", "properties": { "stop_id": "4503101", "stop_name": "Mühlenhof", "location_type": null, "parent_station": "45031P" }, "geometry": { "type": "Point", "coordinates": [ 7.594727, 51.952096 ] } },
{ "type": "Feature", "properties": { "stop_id": "4503102", "stop_name": "Mühlenhof", "location_type": null, "parent_station": "45031P" }, "geometry": { "type": "Point", "coordinates": [ 7.596062, 51.952866 ] } },
{ "type": "Feature", "properties": { "stop_id": "4506101", "stop_name": "Schlüterstraße", "location_type": null, "parent_station": "45061P" }, "geometry": { "type": "Point", "coordinates": [ 7.595969, 51.957819 ] } },
{ "type": "Feature", "properties": { "stop_id": "4506104", "stop_name": "Schlüterstraße", "location_type": null, "parent_station": "45061P" }, "geometry": { "type": "Point", "coordinates": [ 7.596781, 51.958204 ] } },
{ "type": "Feature", "properties": { "stop_id": "4507101", "stop_name": "Jungeblodtplatz", "location_type": null, "parent_station": "45071P" }, "geometry": { "type": "Point", "coordinates": [ 7.603732, 51.960158 ] } },
{ "type": "Feature", "properties": { "stop_id": "4507102", "stop_name": "Jungeblodtplatz", "location_type": null, "parent_station": "45071P" }, "geometry": { "type": "Point", "coordinates": [ 7.604203, 51.960151 ] } },
{ "type": "Feature", "properties": { "stop_id": "4508101", "stop_name": "Hüfferstiftung", "location_type": null, "parent_station": "45081P" }, "geometry": { "type": "Point", "coordinates": [ 7.607857, 51.961237 ] } },
{ "type": "Feature", "properties": { "stop_id": "4508102", "stop_name": "Hüfferstiftung", "location_type": null, "parent_station": "45081P" }, "geometry": { "type": "Point", "coordinates": [ 7.608196, 51.961112 ] } },
{ "type": "Feature", "properties": { "stop_id": "4512301", "stop_name": "Nünningfeld A", "location_type": null, "parent_station": "45123P" }, "geometry": { "type": "Point", "coordinates": [ 7.56242, 51.969587 ] } },
{ "type": "Feature", "properties": { "stop_id": "4512302", "stop_name": "Nünningfeld B", "location_type": null, "parent_station": "45123P" }, "geometry": { "type": "Point", "coordinates": [ 7.562677, 51.969724 ] } },
{ "type": "Feature", "properties": { "stop_id": "4513101", "stop_name": "Asbeckweg", "location_type": null, "parent_station": "45131P" }, "geometry": { "type": "Point", "coordinates": [ 7.56969, 51.971358 ] } },
{ "type": "Feature", "properties": { "stop_id": "4514101", "stop_name": "Haus Mariengrund A", "location_type": null, "parent_station": "45141P" }, "geometry": { "type": "Point", "coordinates": [ 7.560767, 51.971111 ] } },
{ "type": "Feature", "properties": { "stop_id": "4514102", "stop_name": "Haus Mariengrund B", "location_type": null, "parent_station": "45141P" }, "geometry": { "type": "Point", "coordinates": [ 7.560842, 51.970742 ] } },
{ "type": "Feature", "properties": { "stop_id": "4515101", "stop_name": "Ahausweg", "location_type": null, "parent_station": "45151P" }, "geometry": { "type": "Point", "coordinates": [ 7.573431, 51.968871 ] } },
{ "type": "Feature", "properties": { "stop_id": "4516101", "stop_name": "St.-Michael-Kirche", "location_type": null, "parent_station": "45161P" }, "geometry": { "type": "Point", "coordinates": [ 7.579984, 51.967464 ] } },
{ "type": "Feature", "properties": { "stop_id": "4516102", "stop_name": "St.-Michael-Kirche", "location_type": null, "parent_station": "45161P" }, "geometry": { "type": "Point", "coordinates": [ 7.578932, 51.968006 ] } },
{ "type": "Feature", "properties": { "stop_id": "4517101", "stop_name": "Weitkampweg A", "location_type": null, "parent_station": "45171P" }, "geometry": { "type": "Point", "coordinates": [ 7.560465, 51.973127 ] } },
{ "type": "Feature", "properties": { "stop_id": "4517102", "stop_name": "Weitkampweg B", "location_type": null, "parent_station": "45171P" }, "geometry": { "type": "Point", "coordinates": [ 7.560521, 51.973068 ] } },
{ "type": "Feature", "properties": { "stop_id": "4518101", "stop_name": "Hautklinik", "location_type": null, "parent_station": "45181P" }, "geometry": { "type": "Point", "coordinates": [ 7.590389, 51.965359 ] } },
{ "type": "Feature", "properties": { "stop_id": "4518102", "stop_name": "Hautklinik", "location_type": null, "parent_station": "45181P" }, "geometry": { "type": "Point", "coordinates": [ 7.591646, 51.965193 ] } },
{ "type": "Feature", "properties": { "stop_id": "4519101", "stop_name": "Besselweg", "location_type": null, "parent_station": "45191P" }, "geometry": { "type": "Point", "coordinates": [ 7.577671, 51.970225 ] } },
{ "type": "Feature", "properties": { "stop_id": "4520101", "stop_name": "P+R Coesfelder Kreuz B", "location_type": null, "parent_station": "45201P" }, "geometry": { "type": "Point", "coordinates": [ 7.600259, 51.965036 ] } },
{ "type": "Feature", "properties": { "stop_id": "4520102", "stop_name": "P+R Coesfelder Kreuz A", "location_type": null, "parent_station": "45201P" }, "geometry": { "type": "Point", "coordinates": [ 7.600247, 51.964795 ] } },
{ "type": "Feature", "properties": { "stop_id": "4520103", "stop_name": "P+R Coesfelder Kreuz C", "location_type": null, "parent_station": "45201P" }, "geometry": { "type": "Point", "coordinates": [ 7.601895, 51.965838 ] } },
{ "type": "Feature", "properties": { "stop_id": "4520104", "stop_name": "P+R Coesfelder Kreuz D", "location_type": null, "parent_station": "45201P" }, "geometry": { "type": "Point", "coordinates": [ 7.601538, 51.966012 ] } },
{ "type": "Feature", "properties": { "stop_id": "4521101", "stop_name": "Försterstraße", "location_type": null, "parent_station": "45211P" }, "geometry": { "type": "Point", "coordinates": [ 7.606044, 51.966257 ] } },
{ "type": "Feature", "properties": { "stop_id": "4521102", "stop_name": "Försterstraße", "location_type": null, "parent_station": "45211P" }, "geometry": { "type": "Point", "coordinates": [ 7.607549, 51.966686 ] } },
{ "type": "Feature", "properties": { "stop_id": "4524101", "stop_name": "Torminbrücke", "location_type": null, "parent_station": "45241P" }, "geometry": { "type": "Point", "coordinates": [ 7.604246, 51.951291 ] } },
{ "type": "Feature", "properties": { "stop_id": "4524102", "stop_name": "Torminbrücke", "location_type": null, "parent_station": "45241P" }, "geometry": { "type": "Point", "coordinates": [ 7.604123, 51.950989 ] } },
{ "type": "Feature", "properties": { "stop_id": "4525101", "stop_name": "Deipenfohr", "location_type": null, "parent_station": "45251P" }, "geometry": { "type": "Point", "coordinates": [ 7.580453, 51.960516 ] } },
{ "type": "Feature", "properties": { "stop_id": "4525102", "stop_name": "Deipenfohr", "location_type": null, "parent_station": "45251P" }, "geometry": { "type": "Point", "coordinates": [ 7.581701, 51.96045 ] } },
{ "type": "Feature", "properties": { "stop_id": "4526001", "stop_name": "Schmeddingstr. C", "location_type": null, "parent_station": "45260P" }, "geometry": { "type": "Point", "coordinates": [ 7.589182, 51.961537 ] } },
{ "type": "Feature", "properties": { "stop_id": "4526004", "stop_name": "Schmeddingstr. B", "location_type": null, "parent_station": "45260P" }, "geometry": { "type": "Point", "coordinates": [ 7.589243, 51.961364 ] } },
{ "type": "Feature", "properties": { "stop_id": "4527101", "stop_name": "Universitätsklinikum", "location_type": null, "parent_station": "45271P" }, "geometry": { "type": "Point", "coordinates": [ 7.59306, 51.961348 ] } },
{ "type": "Feature", "properties": { "stop_id": "4527102", "stop_name": "Universitätsklinikum", "location_type": null, "parent_station": "45271P" }, "geometry": { "type": "Point", "coordinates": [ 7.594452, 51.961778 ] } },
{ "type": "Feature", "properties": { "stop_id": "4528101", "stop_name": "Henriette-Son-Straße A", "location_type": null, "parent_station": "45281P" }, "geometry": { "type": "Point", "coordinates": [ 7.602048, 51.967955 ] } },
{ "type": "Feature", "properties": { "stop_id": "4528102", "stop_name": "Henriette-Son-Straße B", "location_type": null, "parent_station": "45281P" }, "geometry": { "type": "Point", "coordinates": [ 7.603045, 51.969295 ] } },
{ "type": "Feature", "properties": { "stop_id": "4528103", "stop_name": "Henriette-Son-Straße C", "location_type": null, "parent_station": "45281P" }, "geometry": { "type": "Point", "coordinates": [ 7.601699, 51.96926 ] } },
{ "type": "Feature", "properties": { "stop_id": "4529101", "stop_name": "Meinertzstraße", "location_type": null, "parent_station": "45291P" }, "geometry": { "type": "Point", "coordinates": [ 7.595289, 52.000491 ] } },
{ "type": "Feature", "properties": { "stop_id": "4529102", "stop_name": "Meinertzstraße", "location_type": null, "parent_station": "45291P" }, "geometry": { "type": "Point", "coordinates": [ 7.595289, 52.000324 ] } },
{ "type": "Feature", "properties": { "stop_id": "4530101", "stop_name": "Feldstiegenkamp", "location_type": null, "parent_station": "45301P" }, "geometry": { "type": "Point", "coordinates": [ 7.598429, 51.997961 ] } },
{ "type": "Feature", "properties": { "stop_id": "4530102", "stop_name": "Feldstiegenkamp", "location_type": null, "parent_station": "45301P" }, "geometry": { "type": "Point", "coordinates": [ 7.598407, 51.997813 ] } },
{ "type": "Feature", "properties": { "stop_id": "4531001", "stop_name": "Kinderhaus Brüningheide", "location_type": null, "parent_station": "45310P" }, "geometry": { "type": "Point", "coordinates": [ 7.590371, 51.998806 ] } },
{ "type": "Feature", "properties": { "stop_id": "4532101", "stop_name": "Lukaskirche", "location_type": null, "parent_station": "45321P" }, "geometry": { "type": "Point", "coordinates": [ 7.597102, 51.963481 ] } },
{ "type": "Feature", "properties": { "stop_id": "4532102", "stop_name": "Lukaskirche", "location_type": null, "parent_station": "45321P" }, "geometry": { "type": "Point", "coordinates": [ 7.597268, 51.963288 ] } },
{ "type": "Feature", "properties": { "stop_id": "4533101", "stop_name": "Hasenbusch", "location_type": null, "parent_station": "45331P" }, "geometry": { "type": "Point", "coordinates": [ 7.595141, 51.991449 ] } },
{ "type": "Feature", "properties": { "stop_id": "4533102", "stop_name": "Hasenbusch", "location_type": null, "parent_station": "45331P" }, "geometry": { "type": "Point", "coordinates": [ 7.595014, 51.991443 ] } },
{ "type": "Feature", "properties": { "stop_id": "4534101", "stop_name": "Helmholtzweg", "location_type": null, "parent_station": "45341P" }, "geometry": { "type": "Point", "coordinates": [ 7.594339, 51.988857 ] } },
{ "type": "Feature", "properties": { "stop_id": "4534102", "stop_name": "Helmholtzweg", "location_type": null, "parent_station": "45341P" }, "geometry": { "type": "Point", "coordinates": [ 7.594239, 51.988791 ] } },
{ "type": "Feature", "properties": { "stop_id": "4535101", "stop_name": "Wilkinghege", "location_type": null, "parent_station": "45351P" }, "geometry": { "type": "Point", "coordinates": [ 7.589737, 51.987003 ] } },
{ "type": "Feature", "properties": { "stop_id": "4535102", "stop_name": "Wilkinghege", "location_type": null, "parent_station": "45351P" }, "geometry": { "type": "Point", "coordinates": [ 7.588494, 51.986804 ] } },
{ "type": "Feature", "properties": { "stop_id": "4536101", "stop_name": "Abzweig Wilkinghege B", "location_type": null, "parent_station": "45361P" }, "geometry": { "type": "Point", "coordinates": [ 7.588992, 51.984506 ] } },
{ "type": "Feature", "properties": { "stop_id": "4536102", "stop_name": "Abzweig Wilkinghege A", "location_type": null, "parent_station": "45361P" }, "geometry": { "type": "Point", "coordinates": [ 7.588823, 51.984522 ] } },
{ "type": "Feature", "properties": { "stop_id": "4536104", "stop_name": "Abzweig Wilkinghege C", "location_type": null, "parent_station": "45361P" }, "geometry": { "type": "Point", "coordinates": [ 7.588995, 51.983681 ] } },
{ "type": "Feature", "properties": { "stop_id": "4537101", "stop_name": "Rudolf-Harbig-Weg", "location_type": null, "parent_station": "45371P" }, "geometry": { "type": "Point", "coordinates": [ 7.594889, 51.971738 ] } },
{ "type": "Feature", "properties": { "stop_id": "4537102", "stop_name": "Rudolf-Harbig-Weg", "location_type": null, "parent_station": "45371P" }, "geometry": { "type": "Point", "coordinates": [ 7.594958, 51.971632 ] } },
{ "type": "Feature", "properties": { "stop_id": "4537501", "stop_name": "Wilhelm-Klemm-Str.", "location_type": null, "parent_station": "45375P" }, "geometry": { "type": "Point", "coordinates": [ 7.597553, 51.966693 ] } },
{ "type": "Feature", "properties": { "stop_id": "4537502", "stop_name": "Wilhelm-Klemm-Str.", "location_type": null, "parent_station": "45375P" }, "geometry": { "type": "Point", "coordinates": [ 7.597546, 51.966423 ] } },
{ "type": "Feature", "properties": { "stop_id": "4538001", "stop_name": "Horstmarer Landweg", "location_type": null, "parent_station": "45380P" }, "geometry": { "type": "Point", "coordinates": [ 7.590874, 51.973458 ] } },
{ "type": "Feature", "properties": { "stop_id": "4538002", "stop_name": "Horstmarer Landweg", "location_type": null, "parent_station": "45380P" }, "geometry": { "type": "Point", "coordinates": [ 7.590946, 51.973286 ] } },
{ "type": "Feature", "properties": { "stop_id": "4538501", "stop_name": "Alte Sternwarte A", "location_type": null, "parent_station": "45385P" }, "geometry": { "type": "Point", "coordinates": [ 7.585551, 51.975923 ] } },
{ "type": "Feature", "properties": { "stop_id": "4538502", "stop_name": "Alte Sternwarte B", "location_type": null, "parent_station": "45385P" }, "geometry": { "type": "Point", "coordinates": [ 7.585331, 51.976333 ] } },
{ "type": "Feature", "properties": { "stop_id": "4539101", "stop_name": "Kapuzinerstraße", "location_type": null, "parent_station": "45391P" }, "geometry": { "type": "Point", "coordinates": [ 7.610797, 51.970627 ] } },
{ "type": "Feature", "properties": { "stop_id": "4539102", "stop_name": "Kapuzinerstraße", "location_type": null, "parent_station": "45391P" }, "geometry": { "type": "Point", "coordinates": [ 7.610561, 51.97044 ] } },
{ "type": "Feature", "properties": { "stop_id": "4542101", "stop_name": "Janningsweg", "location_type": null, "parent_station": "45421P" }, "geometry": { "type": "Point", "coordinates": [ 7.612989, 51.995615 ] } },
{ "type": "Feature", "properties": { "stop_id": "4542102", "stop_name": "Janningsweg", "location_type": null, "parent_station": "45421P" }, "geometry": { "type": "Point", "coordinates": [ 7.612817, 51.995978 ] } },
{ "type": "Feature", "properties": { "stop_id": "4543001", "stop_name": "Am Burloh B", "location_type": null, "parent_station": "45430P" }, "geometry": { "type": "Point", "coordinates": [ 7.611077, 51.993644 ] } },
{ "type": "Feature", "properties": { "stop_id": "4543002", "stop_name": "Am Burloh A", "location_type": null, "parent_station": "45430P" }, "geometry": { "type": "Point", "coordinates": [ 7.610972, 51.993519 ] } },
{ "type": "Feature", "properties": { "stop_id": "4543003", "stop_name": "Am Burloh C", "location_type": null, "parent_station": "45430P" }, "geometry": { "type": "Point", "coordinates": [ 7.612586, 51.993942 ] } },
{ "type": "Feature", "properties": { "stop_id": "4543004", "stop_name": "Am Burloh D", "location_type": null, "parent_station": "45430P" }, "geometry": { "type": "Point", "coordinates": [ 7.611992, 51.9929 ] } },
{ "type": "Feature", "properties": { "stop_id": "4544101", "stop_name": "Ermlandweg B", "location_type": null, "parent_station": "45441P" }, "geometry": { "type": "Point", "coordinates": [ 7.611501, 51.987883 ] } },
{ "type": "Feature", "properties": { "stop_id": "4544102", "stop_name": "Ermlandweg A", "location_type": null, "parent_station": "45441P" }, "geometry": { "type": "Point", "coordinates": [ 7.611139, 51.988701 ] } },
{ "type": "Feature", "properties": { "stop_id": "4545101", "stop_name": "Dreizehnerstr.", "location_type": null, "parent_station": "45451P" }, "geometry": { "type": "Point", "coordinates": [ 7.611887, 51.982754 ] } },
{ "type": "Feature", "properties": { "stop_id": "4545102", "stop_name": "Dreizehnerstr.", "location_type": null, "parent_station": "45451P" }, "geometry": { "type": "Point", "coordinates": [ 7.611624, 51.982606 ] } },
{ "type": "Feature", "properties": { "stop_id": "4547101", "stop_name": "Meßkamp", "location_type": null, "parent_station": "45471P" }, "geometry": { "type": "Point", "coordinates": [ 7.612148, 51.979501 ] } },
{ "type": "Feature", "properties": { "stop_id": "4547102", "stop_name": "Meßkamp", "location_type": null, "parent_station": "45471P" }, "geometry": { "type": "Point", "coordinates": [ 7.611845, 51.979516 ] } },
{ "type": "Feature", "properties": { "stop_id": "4548101", "stop_name": "Germania-Campus", "location_type": null, "parent_station": "45481P" }, "geometry": { "type": "Point", "coordinates": [ 7.61234, 51.977124 ] } },
{ "type": "Feature", "properties": { "stop_id": "4548102", "stop_name": "Germania-Campus", "location_type": null, "parent_station": "45481P" }, "geometry": { "type": "Point", "coordinates": [ 7.612074, 51.976883 ] } },
{ "type": "Feature", "properties": { "stop_id": "4549101", "stop_name": "Domagkstraße", "location_type": null, "parent_station": "45491P" }, "geometry": { "type": "Point", "coordinates": [ 7.602662, 51.960929 ] } },
{ "type": "Feature", "properties": { "stop_id": "4549102", "stop_name": "Domagkstraße", "location_type": null, "parent_station": "45491P" }, "geometry": { "type": "Point", "coordinates": [ 7.602312, 51.961334 ] } },
{ "type": "Feature", "properties": { "stop_id": "4550001", "stop_name": "Eimermacherweg A", "location_type": null, "parent_station": "45500P" }, "geometry": { "type": "Point", "coordinates": [ 7.599028, 51.992399 ] } },
{ "type": "Feature", "properties": { "stop_id": "4550002", "stop_name": "Eimermacherweg B", "location_type": null, "parent_station": "45500P" }, "geometry": { "type": "Point", "coordinates": [ 7.598788, 51.991718 ] } },
{ "type": "Feature", "properties": { "stop_id": "4550004", "stop_name": "Eimermacherweg C", "location_type": null, "parent_station": "45500P" }, "geometry": { "type": "Point", "coordinates": [ 7.597973, 51.992154 ] } },
{ "type": "Feature", "properties": { "stop_id": "4551101", "stop_name": "Kortenbrede", "location_type": null, "parent_station": "45511P" }, "geometry": { "type": "Point", "coordinates": [ 7.594526, 51.980707 ] } },
{ "type": "Feature", "properties": { "stop_id": "4551102", "stop_name": "Kortenbrede", "location_type": null, "parent_station": "45511P" }, "geometry": { "type": "Point", "coordinates": [ 7.595062, 51.980127 ] } },
{ "type": "Feature", "properties": { "stop_id": "4552101", "stop_name": "Leonardo-Campus", "location_type": null, "parent_station": "45521P" }, "geometry": { "type": "Point", "coordinates": [ 7.603562, 51.975328 ] } },
{ "type": "Feature", "properties": { "stop_id": "4552102", "stop_name": "Leonardo-Campus", "location_type": null, "parent_station": "45521P" }, "geometry": { "type": "Point", "coordinates": [ 7.604214, 51.974785 ] } },
{ "type": "Feature", "properties": { "stop_id": "4553101", "stop_name": "Orléans-Ring A", "location_type": null, "parent_station": "45531P" }, "geometry": { "type": "Point", "coordinates": [ 7.607501, 51.973997 ] } },
{ "type": "Feature", "properties": { "stop_id": "4553102", "stop_name": "Orléans-Ring B", "location_type": null, "parent_station": "45531P" }, "geometry": { "type": "Point", "coordinates": [ 7.608722, 51.974042 ] } },
{ "type": "Feature", "properties": { "stop_id": "4553103", "stop_name": "Orléans-Ring C", "location_type": null, "parent_station": "45531P" }, "geometry": { "type": "Point", "coordinates": [ 7.607764, 51.972766 ] } },
{ "type": "Feature", "properties": { "stop_id": "4553104", "stop_name": "Orléans-Ring D", "location_type": null, "parent_station": "45531P" }, "geometry": { "type": "Point", "coordinates": [ 7.607613, 51.972642 ] } },
{ "type": "Feature", "properties": { "stop_id": "4554101", "stop_name": "Technologiepark A", "location_type": null, "parent_station": "45541P" }, "geometry": { "type": "Point", "coordinates": [ 7.600781, 51.977051 ] } },
{ "type": "Feature", "properties": { "stop_id": "4554102", "stop_name": "Technologiepark B", "location_type": null, "parent_station": "45541P" }, "geometry": { "type": "Point", "coordinates": [ 7.600354, 51.976993 ] } },
{ "type": "Feature", "properties": { "stop_id": "4554103", "stop_name": "Technologiepark C", "location_type": null, "parent_station": "45541P" }, "geometry": { "type": "Point", "coordinates": [ 7.601103, 51.976313 ] } },
{ "type": "Feature", "properties": { "stop_id": "4555101", "stop_name": "Martin-Niemöller-Str.", "location_type": null, "parent_station": "45551P" }, "geometry": { "type": "Point", "coordinates": [ 7.60141, 51.99028 ] } },
{ "type": "Feature", "properties": { "stop_id": "4555102", "stop_name": "Martin-Niemöller-Str.", "location_type": null, "parent_station": "45551P" }, "geometry": { "type": "Point", "coordinates": [ 7.602293, 51.989993 ] } },
{ "type": "Feature", "properties": { "stop_id": "4556101", "stop_name": "Im Moorhock", "location_type": null, "parent_station": "45561P" }, "geometry": { "type": "Point", "coordinates": [ 7.608179, 51.989501 ] } },
{ "type": "Feature", "properties": { "stop_id": "4556102", "stop_name": "Im Moorhock", "location_type": null, "parent_station": "45561P" }, "geometry": { "type": "Point", "coordinates": [ 7.607379, 51.989428 ] } },
{ "type": "Feature", "properties": { "stop_id": "4561103", "stop_name": "Wienburgstraße", "location_type": null, "parent_station": "45611P" }, "geometry": { "type": "Point", "coordinates": [ 7.621207, 51.984877 ] } },
{ "type": "Feature", "properties": { "stop_id": "4561104", "stop_name": "Wienburgstraße", "location_type": null, "parent_station": "45611P" }, "geometry": { "type": "Point", "coordinates": [ 7.621168, 51.984213 ] } },
{ "type": "Feature", "properties": { "stop_id": "4562101", "stop_name": "Schleebrüggenkamp", "location_type": null, "parent_station": "45621P" }, "geometry": { "type": "Point", "coordinates": [ 7.621475, 51.987555 ] } },
{ "type": "Feature", "properties": { "stop_id": "4562102", "stop_name": "Schleebrüggenkamp", "location_type": null, "parent_station": "45621P" }, "geometry": { "type": "Point", "coordinates": [ 7.621342, 51.987208 ] } },
{ "type": "Feature", "properties": { "stop_id": "4564101", "stop_name": "Regina-Protmann-Str.", "location_type": null, "parent_station": "45641P" }, "geometry": { "type": "Point", "coordinates": [ 7.6173, 51.99091 ] } },
{ "type": "Feature", "properties": { "stop_id": "4564102", "stop_name": "Regina-Protmann-Str.", "location_type": null, "parent_station": "45641P" }, "geometry": { "type": "Point", "coordinates": [ 7.617181, 51.990824 ] } },
{ "type": "Feature", "properties": { "stop_id": "4565101", "stop_name": "Auenviertel A", "location_type": null, "parent_station": "45651P" }, "geometry": { "type": "Point", "coordinates": [ 7.565786, 51.965483 ] } },
{ "type": "Feature", "properties": { "stop_id": "4565102", "stop_name": "Auenviertel B", "location_type": null, "parent_station": "45651P" }, "geometry": { "type": "Point", "coordinates": [ 7.565183, 51.966088 ] } },
{ "type": "Feature", "properties": { "stop_id": "4566101", "stop_name": "Freiherr-vom-Stein-Gymnasium A", "location_type": null, "parent_station": "45661P" }, "geometry": { "type": "Point", "coordinates": [ 7.567053, 51.961655 ] } },
{ "type": "Feature", "properties": { "stop_id": "4566102", "stop_name": "Freiherr-vom-Stein-Gymnasium B", "location_type": null, "parent_station": "45661P" }, "geometry": { "type": "Point", "coordinates": [ 7.568136, 51.961073 ] } },
{ "type": "Feature", "properties": { "stop_id": "4567001", "stop_name": "Gartenbreie A", "location_type": null, "parent_station": "45670P" }, "geometry": { "type": "Point", "coordinates": [ 7.569619, 51.959607 ] } },
{ "type": "Feature", "properties": { "stop_id": "4567002", "stop_name": "Gartenbreie B", "location_type": null, "parent_station": "45670P" }, "geometry": { "type": "Point", "coordinates": [ 7.570641, 51.959017 ] } },
{ "type": "Feature", "properties": { "stop_id": "4583101", "stop_name": "Pastorsesch", "location_type": null, "parent_station": "45831P" }, "geometry": { "type": "Point", "coordinates": [ 7.614073, 51.999774 ] } },
{ "type": "Feature", "properties": { "stop_id": "4583102", "stop_name": "Pastorsesch", "location_type": null, "parent_station": "45831P" }, "geometry": { "type": "Point", "coordinates": [ 7.613579, 51.998827 ] } },
{ "type": "Feature", "properties": { "stop_id": "4584101", "stop_name": "Rektoratsweg A", "location_type": null, "parent_station": "45841P" }, "geometry": { "type": "Point", "coordinates": [ 7.608435, 51.99747 ] } },
{ "type": "Feature", "properties": { "stop_id": "4584102", "stop_name": "Rektoratsweg B", "location_type": null, "parent_station": "45841P" }, "geometry": { "type": "Point", "coordinates": [ 7.608287, 51.99757 ] } },
{ "type": "Feature", "properties": { "stop_id": "4585001", "stop_name": "Kinderhaus Schulzentrum A", "location_type": null, "parent_station": "45850P" }, "geometry": { "type": "Point", "coordinates": [ 7.602791, 51.996913 ] } },
{ "type": "Feature", "properties": { "stop_id": "4585002", "stop_name": "Kinderhaus Schulzentrum C", "location_type": null, "parent_station": "45850P" }, "geometry": { "type": "Point", "coordinates": [ 7.602319, 51.997023 ] } },
{ "type": "Feature", "properties": { "stop_id": "4585003", "stop_name": "Kinderhaus Schulzentrum B", "location_type": null, "parent_station": "45850P" }, "geometry": { "type": "Point", "coordinates": [ 7.604203, 51.997177 ] } },
{ "type": "Feature", "properties": { "stop_id": "4585101", "stop_name": "Von-Humboldt-Straße", "location_type": null, "parent_station": "45851P" }, "geometry": { "type": "Point", "coordinates": [ 7.606371, 52.001548 ] } },
{ "type": "Feature", "properties": { "stop_id": "4586001", "stop_name": "Zoo / Naturkundemuseum", "location_type": null, "parent_station": "45860P" }, "geometry": { "type": "Point", "coordinates": [ 7.589978, 51.949588 ] } },
{ "type": "Feature", "properties": { "stop_id": "4587101", "stop_name": "Franz-Hitze-Haus B", "location_type": null, "parent_station": "45871P" }, "geometry": { "type": "Point", "coordinates": [ 7.602702, 51.956359 ] } },
{ "type": "Feature", "properties": { "stop_id": "4587104", "stop_name": "Franz-Hitze-Haus C", "location_type": null, "parent_station": "45871P" }, "geometry": { "type": "Point", "coordinates": [ 7.603012, 51.955891 ] } },
{ "type": "Feature", "properties": { "stop_id": "4588101", "stop_name": "Schreiberstraße", "location_type": null, "parent_station": "45881P" }, "geometry": { "type": "Point", "coordinates": [ 7.595155, 51.965049 ] } },
{ "type": "Feature", "properties": { "stop_id": "4588102", "stop_name": "Schreiberstraße", "location_type": null, "parent_station": "45881P" }, "geometry": { "type": "Point", "coordinates": [ 7.596209, 51.964888 ] } },
{ "type": "Feature", "properties": { "stop_id": "4589101", "stop_name": "Potstiege", "location_type": null, "parent_station": "45891P" }, "geometry": { "type": "Point", "coordinates": [ 7.582947, 51.965709 ] } },
{ "type": "Feature", "properties": { "stop_id": "4589102", "stop_name": "Potstiege", "location_type": null, "parent_station": "45891P" }, "geometry": { "type": "Point", "coordinates": [ 7.582688, 51.965688 ] } },
{ "type": "Feature", "properties": { "stop_id": "4590101", "stop_name": "Twenteweg", "location_type": null, "parent_station": "45901P" }, "geometry": { "type": "Point", "coordinates": [ 7.571419, 51.974025 ] } },
{ "type": "Feature", "properties": { "stop_id": "4590102", "stop_name": "Twenteweg", "location_type": null, "parent_station": "45901P" }, "geometry": { "type": "Point", "coordinates": [ 7.572865, 51.973356 ] } },
{ "type": "Feature", "properties": { "stop_id": "4591101", "stop_name": "Gescherweg B", "location_type": null, "parent_station": "45911P" }, "geometry": { "type": "Point", "coordinates": [ 7.575216, 51.97262 ] } },
{ "type": "Feature", "properties": { "stop_id": "4591102", "stop_name": "Gescherweg A", "location_type": null, "parent_station": "45911P" }, "geometry": { "type": "Point", "coordinates": [ 7.576737, 51.971314 ] } },
{ "type": "Feature", "properties": { "stop_id": "4591104", "stop_name": "Gescherweg C", "location_type": null, "parent_station": "45911P" }, "geometry": { "type": "Point", "coordinates": [ 7.576018, 51.972759 ] } },
{ "type": "Feature", "properties": { "stop_id": "4591501", "stop_name": "Am Breilbusch", "location_type": null, "parent_station": "45915P" }, "geometry": { "type": "Point", "coordinates": [ 7.574281, 51.975584 ] } },
{ "type": "Feature", "properties": { "stop_id": "4591502", "stop_name": "Am Breilbusch", "location_type": null, "parent_station": "45915P" }, "geometry": { "type": "Point", "coordinates": [ 7.57439, 51.975638 ] } },
{ "type": "Feature", "properties": { "stop_id": "4592101", "stop_name": "Provinzial", "location_type": null, "parent_station": "45921P" }, "geometry": { "type": "Point", "coordinates": [ 7.620125, 51.993255 ] } },
{ "type": "Feature", "properties": { "stop_id": "4592102", "stop_name": "Provinzial", "location_type": null, "parent_station": "45921P" }, "geometry": { "type": "Point", "coordinates": [ 7.62003, 51.993166 ] } },
{ "type": "Feature", "properties": { "stop_id": "4593101", "stop_name": "Holtmannsweg", "location_type": null, "parent_station": "45931P" }, "geometry": { "type": "Point", "coordinates": [ 7.634372, 51.995285 ] } },
{ "type": "Feature", "properties": { "stop_id": "4593102", "stop_name": "Holtmannsweg", "location_type": null, "parent_station": "45931P" }, "geometry": { "type": "Point", "coordinates": [ 7.634686, 51.995168 ] } },
{ "type": "Feature", "properties": { "stop_id": "4594101", "stop_name": "Heidkamp", "location_type": null, "parent_station": "45941P" }, "geometry": { "type": "Point", "coordinates": [ 7.606474, 51.993926 ] } },
{ "type": "Feature", "properties": { "stop_id": "4594102", "stop_name": "Heidkamp", "location_type": null, "parent_station": "45941P" }, "geometry": { "type": "Point", "coordinates": [ 7.604634, 51.993942 ] } },
{ "type": "Feature", "properties": { "stop_id": "4595101", "stop_name": "Kristiansandstr. A", "location_type": null, "parent_station": "45951P" }, "geometry": { "type": "Point", "coordinates": [ 7.612418, 51.99784 ] } },
{ "type": "Feature", "properties": { "stop_id": "4595102", "stop_name": "Kristiansandstr. B", "location_type": null, "parent_station": "45951P" }, "geometry": { "type": "Point", "coordinates": [ 7.612205, 51.997969 ] } },
{ "type": "Feature", "properties": { "stop_id": "4596101", "stop_name": "Idenbrockplatz", "location_type": null, "parent_station": "45961P" }, "geometry": { "type": "Point", "coordinates": [ 7.600305, 51.996395 ] } },
{ "type": "Feature", "properties": { "stop_id": "4596102", "stop_name": "Idenbrockplatz", "location_type": null, "parent_station": "45961P" }, "geometry": { "type": "Point", "coordinates": [ 7.600062, 51.996382 ] } },
{ "type": "Feature", "properties": { "stop_id": "4597101", "stop_name": "Killingstraße", "location_type": null, "parent_station": "45971P" }, "geometry": { "type": "Point", "coordinates": [ 7.592289, 52.000843 ] } },
{ "type": "Feature", "properties": { "stop_id": "4597102", "stop_name": "Killingstraße", "location_type": null, "parent_station": "45971P" }, "geometry": { "type": "Point", "coordinates": [ 7.592259, 52.000753 ] } },
{ "type": "Feature", "properties": { "stop_id": "4598101", "stop_name": "Corrensstraße", "location_type": null, "parent_station": "45981P" }, "geometry": { "type": "Point", "coordinates": [ 7.597151, 51.971015 ] } },
{ "type": "Feature", "properties": { "stop_id": "4598102", "stop_name": "Corrensstraße", "location_type": null, "parent_station": "45981P" }, "geometry": { "type": "Point", "coordinates": [ 7.59681, 51.97088 ] } },
{ "type": "Feature", "properties": { "stop_id": "4599101", "stop_name": "Mendelstraße", "location_type": null, "parent_station": "45991P" }, "geometry": { "type": "Point", "coordinates": [ 7.596659, 51.969111 ] } },
{ "type": "Feature", "properties": { "stop_id": "4599102", "stop_name": "Mendelstraße", "location_type": null, "parent_station": "45991P" }, "geometry": { "type": "Point", "coordinates": [ 7.596342, 51.969372 ] } },
{ "type": "Feature", "properties": { "stop_id": "4600101", "stop_name": "Rüschhausweg B", "location_type": null, "parent_station": "46001P" }, "geometry": { "type": "Point", "coordinates": [ 7.564956, 51.973993 ] } },
{ "type": "Feature", "properties": { "stop_id": "4600102", "stop_name": "Rüschhausweg A", "location_type": null, "parent_station": "46001P" }, "geometry": { "type": "Point", "coordinates": [ 7.564871, 51.973951 ] } },
{ "type": "Feature", "properties": { "stop_id": "4600104", "stop_name": "Rüschhausweg D", "location_type": null, "parent_station": "46001P" }, "geometry": { "type": "Point", "coordinates": [ 7.565394, 51.972632 ] } },
{ "type": "Feature", "properties": { "stop_id": "4601101", "stop_name": "Salzmannstraße", "location_type": null, "parent_station": "46011P" }, "geometry": { "type": "Point", "coordinates": [ 7.615463, 51.993239 ] } },
{ "type": "Feature", "properties": { "stop_id": "4601102", "stop_name": "Salzmannstraße", "location_type": null, "parent_station": "46011P" }, "geometry": { "type": "Point", "coordinates": [ 7.616157, 51.993133 ] } },
{ "type": "Feature", "properties": { "stop_id": "4602101", "stop_name": "Toppheide", "location_type": null, "parent_station": "46021P" }, "geometry": { "type": "Point", "coordinates": [ 7.569879, 51.975381 ] } },
{ "type": "Feature", "properties": { "stop_id": "4602102", "stop_name": "Toppheide", "location_type": null, "parent_station": "46021P" }, "geometry": { "type": "Point", "coordinates": [ 7.570441, 51.975089 ] } },
{ "type": "Feature", "properties": { "stop_id": "4603101", "stop_name": "Gronowskistr. A", "location_type": null, "parent_station": "46031P" }, "geometry": { "type": "Point", "coordinates": [ 7.562693, 51.967821 ] } },
{ "type": "Feature", "properties": { "stop_id": "4603102", "stop_name": "Gronowskistr. B", "location_type": null, "parent_station": "46031P" }, "geometry": { "type": "Point", "coordinates": [ 7.56294, 51.967768 ] } },
{ "type": "Feature", "properties": { "stop_id": "4607101", "stop_name": "Provinzial Süd", "location_type": null, "parent_station": "46071P" }, "geometry": { "type": "Point", "coordinates": [ 7.620796, 51.98965 ] } },
{ "type": "Feature", "properties": { "stop_id": "4607102", "stop_name": "Provinzial Süd", "location_type": null, "parent_station": "46071P" }, "geometry": { "type": "Point", "coordinates": [ 7.620577, 51.989574 ] } },
{ "type": "Feature", "properties": { "stop_id": "4610101", "stop_name": "Schonebeck", "location_type": null, "parent_station": "46101P" }, "geometry": { "type": "Point", "coordinates": [ 7.542937, 51.987706 ] } },
{ "type": "Feature", "properties": { "stop_id": "4610102", "stop_name": "Schonebeck", "location_type": null, "parent_station": "46101P" }, "geometry": { "type": "Point", "coordinates": [ 7.54254, 51.987733 ] } },
{ "type": "Feature", "properties": { "stop_id": "4614101", "stop_name": "Ackermann", "location_type": null, "parent_station": "46141P" }, "geometry": { "type": "Point", "coordinates": [ 7.552161, 51.952773 ] } },
{ "type": "Feature", "properties": { "stop_id": "4614102", "stop_name": "Ackermann", "location_type": null, "parent_station": "46141P" }, "geometry": { "type": "Point", "coordinates": [ 7.551761, 51.952681 ] } },
{ "type": "Feature", "properties": { "stop_id": "4616101", "stop_name": "Südlohnweg", "location_type": null, "parent_station": "46161P" }, "geometry": { "type": "Point", "coordinates": [ 7.561644, 51.976113 ] } },
{ "type": "Feature", "properties": { "stop_id": "4616102", "stop_name": "Südlohnweg", "location_type": null, "parent_station": "46161P" }, "geometry": { "type": "Point", "coordinates": [ 7.560814, 51.976394 ] } },
{ "type": "Feature", "properties": { "stop_id": "4617101", "stop_name": "Wasserweg", "location_type": null, "parent_station": "46171P" }, "geometry": { "type": "Point", "coordinates": [ 7.592306, 51.974814 ] } },
{ "type": "Feature", "properties": { "stop_id": "4617102", "stop_name": "Wasserweg", "location_type": null, "parent_station": "46171P" }, "geometry": { "type": "Point", "coordinates": [ 7.592681, 51.975254 ] } },
{ "type": "Feature", "properties": { "stop_id": "4618101", "stop_name": "Austermannstraße", "location_type": null, "parent_station": "46181P" }, "geometry": { "type": "Point", "coordinates": [ 7.594818, 51.976438 ] } },
{ "type": "Feature", "properties": { "stop_id": "4618102", "stop_name": "Austermannstraße", "location_type": null, "parent_station": "46181P" }, "geometry": { "type": "Point", "coordinates": [ 7.595544, 51.977116 ] } },
{ "type": "Feature", "properties": { "stop_id": "4619001", "stop_name": "Johann-Krane-Weg", "location_type": null, "parent_station": "46190P" }, "geometry": { "type": "Point", "coordinates": [ 7.597531, 51.975426 ] } },
{ "type": "Feature", "properties": { "stop_id": "4623101", "stop_name": "Overeskenhoek", "location_type": null, "parent_station": "46231P" }, "geometry": { "type": "Point", "coordinates": [ 7.670141, 52.01634 ] } },
{ "type": "Feature", "properties": { "stop_id": "4623102", "stop_name": "Overeskenhoek", "location_type": null, "parent_station": "46231P" }, "geometry": { "type": "Point", "coordinates": [ 7.670018, 52.016365 ] } },
{ "type": "Feature", "properties": { "stop_id": "4624101", "stop_name": "Ölhafen", "location_type": null, "parent_station": "46241P" }, "geometry": { "type": "Point", "coordinates": [ 7.667708, 52.019704 ] } },
{ "type": "Feature", "properties": { "stop_id": "4624102", "stop_name": "Ölhafen", "location_type": null, "parent_station": "46241P" }, "geometry": { "type": "Point", "coordinates": [ 7.667893, 52.019283 ] } },
{ "type": "Feature", "properties": { "stop_id": "4625101", "stop_name": "Hessenweg", "location_type": null, "parent_station": "46251P" }, "geometry": { "type": "Point", "coordinates": [ 7.672328, 52.012807 ] } },
{ "type": "Feature", "properties": { "stop_id": "4625102", "stop_name": "Hessenweg", "location_type": null, "parent_station": "46251P" }, "geometry": { "type": "Point", "coordinates": [ 7.672427, 52.012154 ] } },
{ "type": "Feature", "properties": { "stop_id": "4625301", "stop_name": "Hessenbusch", "location_type": null, "parent_station": "46253P" }, "geometry": { "type": "Point", "coordinates": [ 7.673503, 52.008887 ] } },
{ "type": "Feature", "properties": { "stop_id": "4625302", "stop_name": "Hessenbusch", "location_type": null, "parent_station": "46253P" }, "geometry": { "type": "Point", "coordinates": [ 7.673445, 52.008759 ] } },
{ "type": "Feature", "properties": { "stop_id": "4626102", "stop_name": "Alfersheide", "location_type": null, "parent_station": "46261P" }, "geometry": { "type": "Point", "coordinates": [ 7.673164, 52.027427 ] } },
{ "type": "Feature", "properties": { "stop_id": "4626301", "stop_name": "Schornheide", "location_type": null, "parent_station": "46263P" }, "geometry": { "type": "Point", "coordinates": [ 7.673756, 52.02637 ] } },
{ "type": "Feature", "properties": { "stop_id": "4626501", "stop_name": "Westerheide", "location_type": null, "parent_station": "46265P" }, "geometry": { "type": "Point", "coordinates": [ 7.676927, 52.028257 ] } },
{ "type": "Feature", "properties": { "stop_id": "4627101", "stop_name": "Zur Eckernheide", "location_type": null, "parent_station": "46271P" }, "geometry": { "type": "Point", "coordinates": [ 7.671023, 52.024585 ] } },
{ "type": "Feature", "properties": { "stop_id": "4627102", "stop_name": "Zur Eckernheide", "location_type": null, "parent_station": "46271P" }, "geometry": { "type": "Point", "coordinates": [ 7.670494, 52.024361 ] } },
{ "type": "Feature", "properties": { "stop_id": "4628102", "stop_name": "Gelmerheide", "location_type": null, "parent_station": "46281P" }, "geometry": { "type": "Point", "coordinates": [ 7.673412, 52.029455 ] } },
{ "type": "Feature", "properties": { "stop_id": "4630102", "stop_name": "Gelmer", "location_type": null, "parent_station": "46301P" }, "geometry": { "type": "Point", "coordinates": [ 7.676429, 52.030245 ] } },
{ "type": "Feature", "properties": { "stop_id": "4631101", "stop_name": "Rudolf-Diesel-Straße", "location_type": null, "parent_station": "46311P" }, "geometry": { "type": "Point", "coordinates": [ 7.664665, 51.990708 ] } },
{ "type": "Feature", "properties": { "stop_id": "4631102", "stop_name": "Rudolf-Diesel-Straße", "location_type": null, "parent_station": "46311P" }, "geometry": { "type": "Point", "coordinates": [ 7.664069, 51.990083 ] } },
{ "type": "Feature", "properties": { "stop_id": "4631901", "stop_name": "Gewerbegebiet Kleimannbrücke B", "location_type": null, "parent_station": "46319P" }, "geometry": { "type": "Point", "coordinates": [ 7.662704, 51.994728 ] } },
{ "type": "Feature", "properties": { "stop_id": "4631902", "stop_name": "Gewerbegebiet Kleimannbrücke A", "location_type": null, "parent_station": "46319P" }, "geometry": { "type": "Point", "coordinates": [ 7.663049, 51.994508 ] } },
{ "type": "Feature", "properties": { "stop_id": "4631903", "stop_name": "Gewerbegebiet Kleimannbrücke C", "location_type": null, "parent_station": "46319P" }, "geometry": { "type": "Point", "coordinates": [ 7.661842, 51.994247 ] } },
{ "type": "Feature", "properties": { "stop_id": "4632101", "stop_name": "An der Alten Ziegelei", "location_type": null, "parent_station": "46321P" }, "geometry": { "type": "Point", "coordinates": [ 7.664097, 51.997298 ] } },
{ "type": "Feature", "properties": { "stop_id": "4632102", "stop_name": "An der Alten Ziegelei", "location_type": null, "parent_station": "46321P" }, "geometry": { "type": "Point", "coordinates": [ 7.663787, 51.997366 ] } },
{ "type": "Feature", "properties": { "stop_id": "4633101", "stop_name": "Hohe Geist", "location_type": null, "parent_station": "46331P" }, "geometry": { "type": "Point", "coordinates": [ 7.526631, 51.922928 ] } },
{ "type": "Feature", "properties": { "stop_id": "4633102", "stop_name": "Hohe Geist", "location_type": null, "parent_station": "46331P" }, "geometry": { "type": "Point", "coordinates": [ 7.526747, 51.923113 ] } },
{ "type": "Feature", "properties": { "stop_id": "4633501", "stop_name": "Wierling", "location_type": null, "parent_station": "46335P" }, "geometry": { "type": "Point", "coordinates": [ 7.522212, 51.923576 ] } },
{ "type": "Feature", "properties": { "stop_id": "4633502", "stop_name": "Wierling", "location_type": null, "parent_station": "46335P" }, "geometry": { "type": "Point", "coordinates": [ 7.522214, 51.923834 ] } },
{ "type": "Feature", "properties": { "stop_id": "4634101", "stop_name": "Am Kämpken", "location_type": null, "parent_station": "46341P" }, "geometry": { "type": "Point", "coordinates": [ 7.527241, 51.920008 ] } },
{ "type": "Feature", "properties": { "stop_id": "4634102", "stop_name": "Am Kämpken", "location_type": null, "parent_station": "46341P" }, "geometry": { "type": "Point", "coordinates": [ 7.527242, 51.920611 ] } },
{ "type": "Feature", "properties": { "stop_id": "4635001", "stop_name": "Albachten Bahnhof", "location_type": null, "parent_station": "46350P" }, "geometry": { "type": "Point", "coordinates": [ 7.527407, 51.914634 ] } },
{ "type": "Feature", "properties": { "stop_id": "4635101", "stop_name": "Sendener Stiege", "location_type": null, "parent_station": "46351P" }, "geometry": { "type": "Point", "coordinates": [ 7.528196, 51.917818 ] } },
{ "type": "Feature", "properties": { "stop_id": "4635102", "stop_name": "Sendener Stiege", "location_type": null, "parent_station": "46351P" }, "geometry": { "type": "Point", "coordinates": [ 7.528393, 51.917629 ] } },
{ "type": "Feature", "properties": { "stop_id": "4635501", "stop_name": "Langenkamp", "location_type": null, "parent_station": "46355P" }, "geometry": { "type": "Point", "coordinates": [ 7.525296, 51.91671 ] } },
{ "type": "Feature", "properties": { "stop_id": "4635502", "stop_name": "Langenkamp", "location_type": null, "parent_station": "46355P" }, "geometry": { "type": "Point", "coordinates": [ 7.525148, 51.916427 ] } },
{ "type": "Feature", "properties": { "stop_id": "4638101", "stop_name": "Rieselfelder", "location_type": null, "parent_station": "46381P" }, "geometry": { "type": "Point", "coordinates": [ 7.666645, 52.022265 ] } },
{ "type": "Feature", "properties": { "stop_id": "4638102", "stop_name": "Rieselfelder", "location_type": null, "parent_station": "46381P" }, "geometry": { "type": "Point", "coordinates": [ 7.666263, 52.021635 ] } },
{ "type": "Feature", "properties": { "stop_id": "4654101", "stop_name": "Nottulner Landweg", "location_type": null, "parent_station": "46541P" }, "geometry": { "type": "Point", "coordinates": [ 7.53819, 51.947803 ] } },
{ "type": "Feature", "properties": { "stop_id": "4654102", "stop_name": "Nottulner Landweg", "location_type": null, "parent_station": "46541P" }, "geometry": { "type": "Point", "coordinates": [ 7.538214, 51.947705 ] } },
{ "type": "Feature", "properties": { "stop_id": "4657101", "stop_name": "Raiffeisenstr.", "location_type": null, "parent_station": "46571P" }, "geometry": { "type": "Point", "coordinates": [ 7.533925, 51.946506 ] } },
{ "type": "Feature", "properties": { "stop_id": "4657102", "stop_name": "Raiffeisenstr.", "location_type": null, "parent_station": "46571P" }, "geometry": { "type": "Point", "coordinates": [ 7.533062, 51.946115 ] } },
{ "type": "Feature", "properties": { "stop_id": "4659101", "stop_name": "Lise-Meitner-Str.", "location_type": null, "parent_station": "46591P" }, "geometry": { "type": "Point", "coordinates": [ 7.528429, 51.944345 ] } },
{ "type": "Feature", "properties": { "stop_id": "4659102", "stop_name": "Lise-Meitner-Str.", "location_type": null, "parent_station": "46591P" }, "geometry": { "type": "Point", "coordinates": [ 7.529891, 51.944813 ] } },
{ "type": "Feature", "properties": { "stop_id": "4660101", "stop_name": "Vagedesweg", "location_type": null, "parent_station": "46601P" }, "geometry": { "type": "Point", "coordinates": [ 7.594308, 51.938101 ] } },
{ "type": "Feature", "properties": { "stop_id": "4660102", "stop_name": "Vagedesweg", "location_type": null, "parent_station": "46601P" }, "geometry": { "type": "Point", "coordinates": [ 7.593965, 51.938212 ] } },
{ "type": "Feature", "properties": { "stop_id": "4661101", "stop_name": "Alte Dorfstraße", "location_type": null, "parent_station": "46611P" }, "geometry": { "type": "Point", "coordinates": [ 7.53236, 51.954821 ] } },
{ "type": "Feature", "properties": { "stop_id": "4661102", "stop_name": "Alte Dorfstraße", "location_type": null, "parent_station": "46611P" }, "geometry": { "type": "Point", "coordinates": [ 7.532471, 51.955083 ] } },
{ "type": "Feature", "properties": { "stop_id": "4662101", "stop_name": "Stellmacherweg", "location_type": null, "parent_station": "46621P" }, "geometry": { "type": "Point", "coordinates": [ 7.527704, 51.948593 ] } },
{ "type": "Feature", "properties": { "stop_id": "4662102", "stop_name": "Stellmacherweg", "location_type": null, "parent_station": "46621P" }, "geometry": { "type": "Point", "coordinates": [ 7.5273, 51.948375 ] } },
{ "type": "Feature", "properties": { "stop_id": "4662501", "stop_name": "Roxel Bahnhof", "location_type": null, "parent_station": "46625P" }, "geometry": { "type": "Point", "coordinates": [ 7.526606, 51.946192 ] } },
{ "type": "Feature", "properties": { "stop_id": "4666002", "stop_name": "Roxel Hallenbad A", "location_type": null, "parent_station": "46660P" }, "geometry": { "type": "Point", "coordinates": [ 7.527202, 51.954481 ] } },
{ "type": "Feature", "properties": { "stop_id": "4667101", "stop_name": "Pantaleonstraße", "location_type": null, "parent_station": "46671P" }, "geometry": { "type": "Point", "coordinates": [ 7.531234, 51.953974 ] } },
{ "type": "Feature", "properties": { "stop_id": "4667102", "stop_name": "Pantaleonstraße", "location_type": null, "parent_station": "46671P" }, "geometry": { "type": "Point", "coordinates": [ 7.530798, 51.953779 ] } },
{ "type": "Feature", "properties": { "stop_id": "4668101", "stop_name": "Pienersallee", "location_type": null, "parent_station": "46681P" }, "geometry": { "type": "Point", "coordinates": [ 7.530844, 51.951714 ] } },
{ "type": "Feature", "properties": { "stop_id": "4668102", "stop_name": "Pienersallee", "location_type": null, "parent_station": "46681P" }, "geometry": { "type": "Point", "coordinates": [ 7.530105, 51.95119 ] } },
{ "type": "Feature", "properties": { "stop_id": "4669101", "stop_name": "Handwerkskammer Bildungszentrum", "location_type": null, "parent_station": "46691P" }, "geometry": { "type": "Point", "coordinates": [ 7.587531, 51.937462 ] } },
{ "type": "Feature", "properties": { "stop_id": "4669102", "stop_name": "Handwerkskammer Bildungszentrum", "location_type": null, "parent_station": "46691P" }, "geometry": { "type": "Point", "coordinates": [ 7.588195, 51.93766 ] } },
{ "type": "Feature", "properties": { "stop_id": "4670101", "stop_name": "Ramertsweg", "location_type": null, "parent_station": "46701P" }, "geometry": { "type": "Point", "coordinates": [ 7.567234, 51.955667 ] } },
{ "type": "Feature", "properties": { "stop_id": "4670102", "stop_name": "Ramertsweg", "location_type": null, "parent_station": "46701P" }, "geometry": { "type": "Point", "coordinates": [ 7.568086, 51.955787 ] } },
{ "type": "Feature", "properties": { "stop_id": "4670501", "stop_name": "Dieckmannstraße B", "location_type": null, "parent_station": "46705P" }, "geometry": { "type": "Point", "coordinates": [ 7.571909, 51.957391 ] } },
{ "type": "Feature", "properties": { "stop_id": "4670502", "stop_name": "Dieckmannstraße A", "location_type": null, "parent_station": "46705P" }, "geometry": { "type": "Point", "coordinates": [ 7.573636, 51.957861 ] } },
{ "type": "Feature", "properties": { "stop_id": "4670503", "stop_name": "Dieckmannstraße C", "location_type": null, "parent_station": "46705P" }, "geometry": { "type": "Point", "coordinates": [ 7.57175, 51.958048 ] } },
{ "type": "Feature", "properties": { "stop_id": "4670504", "stop_name": "Dieckmannstraße D", "location_type": null, "parent_station": "46705P" }, "geometry": { "type": "Point", "coordinates": [ 7.573251, 51.957488 ] } },
{ "type": "Feature", "properties": { "stop_id": "4671101", "stop_name": "Oxford-Quartier", "location_type": null, "parent_station": "46711P" }, "geometry": { "type": "Point", "coordinates": [ 7.577143, 51.959555 ] } },
{ "type": "Feature", "properties": { "stop_id": "4671102", "stop_name": "Oxford-Quartier", "location_type": null, "parent_station": "46711P" }, "geometry": { "type": "Point", "coordinates": [ 7.577622, 51.95959 ] } },
{ "type": "Feature", "properties": { "stop_id": "4672202", "stop_name": "Goesenweg", "location_type": null, "parent_station": "46722P" }, "geometry": { "type": "Point", "coordinates": [ 7.550059, 51.996887 ] } },
{ "type": "Feature", "properties": { "stop_id": "4673102", "stop_name": "Alhardstraße", "location_type": null, "parent_station": "46731P" }, "geometry": { "type": "Point", "coordinates": [ 7.548283, 51.995091 ] } },
{ "type": "Feature", "properties": { "stop_id": "4674201", "stop_name": "Sprakel Bahnhof", "location_type": null, "parent_station": "46742P" }, "geometry": { "type": "Point", "coordinates": [ 7.619517, 52.041164 ] } },
{ "type": "Feature", "properties": { "stop_id": "4674202", "stop_name": "Sprakel Bahnhof", "location_type": null, "parent_station": "46742P" }, "geometry": { "type": "Point", "coordinates": [ 7.61971, 52.041518 ] } },
{ "type": "Feature", "properties": { "stop_id": "4675002", "stop_name": "Nienberger Straße B", "location_type": null, "parent_station": "46750P" }, "geometry": { "type": "Point", "coordinates": [ 7.613768, 52.040297 ] } },
{ "type": "Feature", "properties": { "stop_id": "4676501", "stop_name": "Sprakel Mitte", "location_type": null, "parent_station": "46765P" }, "geometry": { "type": "Point", "coordinates": [ 7.619846, 52.036632 ] } },
{ "type": "Feature", "properties": { "stop_id": "4676502", "stop_name": "Sprakel Mitte", "location_type": null, "parent_station": "46765P" }, "geometry": { "type": "Point", "coordinates": [ 7.619718, 52.036949 ] } },
{ "type": "Feature", "properties": { "stop_id": "4677502", "stop_name": "Abzweig Sprakel", "location_type": null, "parent_station": "46775P" }, "geometry": { "type": "Point", "coordinates": [ 7.620183, 52.031391 ] } },
{ "type": "Feature", "properties": { "stop_id": "4678101", "stop_name": "Schlusenweg", "location_type": null, "parent_station": "46781P" }, "geometry": { "type": "Point", "coordinates": [ 7.619927, 52.033493 ] } },
{ "type": "Feature", "properties": { "stop_id": "4678102", "stop_name": "Schlusenweg", "location_type": null, "parent_station": "46781P" }, "geometry": { "type": "Point", "coordinates": [ 7.619793, 52.033543 ] } },
{ "type": "Feature", "properties": { "stop_id": "4679101", "stop_name": "Ashölterweg", "location_type": null, "parent_station": "46791P" }, "geometry": { "type": "Point", "coordinates": [ 7.618548, 52.026939 ] } },
{ "type": "Feature", "properties": { "stop_id": "4679102", "stop_name": "Ashölterweg", "location_type": null, "parent_station": "46791P" }, "geometry": { "type": "Point", "coordinates": [ 7.618217, 52.026572 ] } },
{ "type": "Feature", "properties": { "stop_id": "4680101", "stop_name": "Am Knapp", "location_type": null, "parent_station": "46801P" }, "geometry": { "type": "Point", "coordinates": [ 7.614974, 52.007889 ] } },
{ "type": "Feature", "properties": { "stop_id": "4680102", "stop_name": "Am Knapp", "location_type": null, "parent_station": "46801P" }, "geometry": { "type": "Point", "coordinates": [ 7.614864, 52.007851 ] } },
{ "type": "Feature", "properties": { "stop_id": "4681101", "stop_name": "Am Max-Klemens-Kanal", "location_type": null, "parent_station": "46811P" }, "geometry": { "type": "Point", "coordinates": [ 7.614824, 52.003778 ] } },
{ "type": "Feature", "properties": { "stop_id": "4681102", "stop_name": "Am Max-Klemens-Kanal", "location_type": null, "parent_station": "46811P" }, "geometry": { "type": "Point", "coordinates": [ 7.614719, 52.003743 ] } },
{ "type": "Feature", "properties": { "stop_id": "4682101", "stop_name": "Vorländerweg", "location_type": null, "parent_station": "46821P" }, "geometry": { "type": "Point", "coordinates": [ 7.591139, 51.939233 ] } },
{ "type": "Feature", "properties": { "stop_id": "4682102", "stop_name": "Vorländerweg", "location_type": null, "parent_station": "46821P" }, "geometry": { "type": "Point", "coordinates": [ 7.59151, 51.939269 ] } },
{ "type": "Feature", "properties": { "stop_id": "4684101", "stop_name": "Mecklenbecker Straße A", "location_type": null, "parent_station": "46841P" }, "geometry": { "type": "Point", "coordinates": [ 7.57998, 51.934774 ] } },
{ "type": "Feature", "properties": { "stop_id": "4684102", "stop_name": "Mecklenbecker Straße B", "location_type": null, "parent_station": "46841P" }, "geometry": { "type": "Point", "coordinates": [ 7.579565, 51.934509 ] } },
{ "type": "Feature", "properties": { "stop_id": "4684103", "stop_name": "Mecklenbecker Straße C", "location_type": null, "parent_station": "46841P" }, "geometry": { "type": "Point", "coordinates": [ 7.579111, 51.933803 ] } },
{ "type": "Feature", "properties": { "stop_id": "4684104", "stop_name": "Mecklenbecker Straße D", "location_type": null, "parent_station": "46841P" }, "geometry": { "type": "Point", "coordinates": [ 7.579245, 51.933753 ] } },
{ "type": "Feature", "properties": { "stop_id": "4684501", "stop_name": "St.-Anna-Kirche A", "location_type": null, "parent_station": "46845P" }, "geometry": { "type": "Point", "coordinates": [ 7.579573, 51.930944 ] } },
{ "type": "Feature", "properties": { "stop_id": "4684502", "stop_name": "St.-Anna-Kirche B", "location_type": null, "parent_station": "46845P" }, "geometry": { "type": "Point", "coordinates": [ 7.579327, 51.930886 ] } },
{ "type": "Feature", "properties": { "stop_id": "4684503", "stop_name": "St.-Anna-Kirche C", "location_type": null, "parent_station": "46845P" }, "geometry": { "type": "Point", "coordinates": [ 7.580577, 51.930674 ] } },
{ "type": "Feature", "properties": { "stop_id": "4684504", "stop_name": "St.-Anna-Kirche D", "location_type": null, "parent_station": "46845P" }, "geometry": { "type": "Point", "coordinates": [ 7.580861, 51.930417 ] } },
{ "type": "Feature", "properties": { "stop_id": "4685101", "stop_name": "Altenroxeler Str.", "location_type": null, "parent_station": "46851P" }, "geometry": { "type": "Point", "coordinates": [ 7.570791, 51.941515 ] } },
{ "type": "Feature", "properties": { "stop_id": "4685102", "stop_name": "Altenroxeler Str.", "location_type": null, "parent_station": "46851P" }, "geometry": { "type": "Point", "coordinates": [ 7.571069, 51.941255 ] } },
{ "type": "Feature", "properties": { "stop_id": "4686101", "stop_name": "Hohenfeld A", "location_type": null, "parent_station": "46861P" }, "geometry": { "type": "Point", "coordinates": [ 7.561224, 51.947746 ] } },
{ "type": "Feature", "properties": { "stop_id": "4686102", "stop_name": "Hohenfeld B", "location_type": null, "parent_station": "46861P" }, "geometry": { "type": "Point", "coordinates": [ 7.56106, 51.947761 ] } },
{ "type": "Feature", "properties": { "stop_id": "4687101", "stop_name": "Am Rohrbusch", "location_type": null, "parent_station": "46871P" }, "geometry": { "type": "Point", "coordinates": [ 7.55746, 51.949963 ] } },
{ "type": "Feature", "properties": { "stop_id": "4687102", "stop_name": "Am Rohrbusch", "location_type": null, "parent_station": "46871P" }, "geometry": { "type": "Point", "coordinates": [ 7.557004, 51.950159 ] } },
{ "type": "Feature", "properties": { "stop_id": "4688101", "stop_name": "Schelmenstiege", "location_type": null, "parent_station": "46881P" }, "geometry": { "type": "Point", "coordinates": [ 7.542185, 51.955067 ] } },
{ "type": "Feature", "properties": { "stop_id": "4688102", "stop_name": "Schelmenstiege", "location_type": null, "parent_station": "46881P" }, "geometry": { "type": "Point", "coordinates": [ 7.541273, 51.955198 ] } },
{ "type": "Feature", "properties": { "stop_id": "4689101", "stop_name": "Roxel Mitte", "location_type": null, "parent_station": "46891P" }, "geometry": { "type": "Point", "coordinates": [ 7.537097, 51.95487 ] } },
{ "type": "Feature", "properties": { "stop_id": "4689102", "stop_name": "Roxel Mitte", "location_type": null, "parent_station": "46891P" }, "geometry": { "type": "Point", "coordinates": [ 7.536314, 51.954538 ] } },
{ "type": "Feature", "properties": { "stop_id": "4690101", "stop_name": "Dorffeldstraße", "location_type": null, "parent_station": "46901P" }, "geometry": { "type": "Point", "coordinates": [ 7.537074, 51.951212 ] } },
{ "type": "Feature", "properties": { "stop_id": "4690102", "stop_name": "Dorffeldstraße", "location_type": null, "parent_station": "46901P" }, "geometry": { "type": "Point", "coordinates": [ 7.536944, 51.951668 ] } },
{ "type": "Feature", "properties": { "stop_id": "4691101", "stop_name": "Paul-Gerhardt-Str.", "location_type": null, "parent_station": "46911P" }, "geometry": { "type": "Point", "coordinates": [ 7.53457, 51.949237 ] } },
{ "type": "Feature", "properties": { "stop_id": "4691102", "stop_name": "Paul-Gerhardt-Str.", "location_type": null, "parent_station": "46911P" }, "geometry": { "type": "Point", "coordinates": [ 7.535021, 51.94919 ] } },
{ "type": "Feature", "properties": { "stop_id": "4691901", "stop_name": "Sessendrupweg", "location_type": null, "parent_station": "46919P" }, "geometry": { "type": "Point", "coordinates": [ 7.552618, 51.999054 ] } },
{ "type": "Feature", "properties": { "stop_id": "4692101", "stop_name": "Nienberge Sporthalle", "location_type": null, "parent_station": "46921P" }, "geometry": { "type": "Point", "coordinates": [ 7.550287, 51.999813 ] } },
{ "type": "Feature", "properties": { "stop_id": "4692102", "stop_name": "Nienberge Sporthalle", "location_type": null, "parent_station": "46921P" }, "geometry": { "type": "Point", "coordinates": [ 7.550142, 51.999738 ] } },
{ "type": "Feature", "properties": { "stop_id": "4693001", "stop_name": "Hannaschweg", "location_type": null, "parent_station": "46930P" }, "geometry": { "type": "Point", "coordinates": [ 7.542016, 52.003544 ] } },
{ "type": "Feature", "properties": { "stop_id": "4693101", "stop_name": "Feldstiege", "location_type": null, "parent_station": "46931P" }, "geometry": { "type": "Point", "coordinates": [ 7.545578, 52.001597 ] } },
{ "type": "Feature", "properties": { "stop_id": "4693102", "stop_name": "Feldstiege", "location_type": null, "parent_station": "46931P" }, "geometry": { "type": "Point", "coordinates": [ 7.546291, 52.001157 ] } },
{ "type": "Feature", "properties": { "stop_id": "4694101", "stop_name": "Von-Schonebeck-Ring B", "location_type": null, "parent_station": "46941P" }, "geometry": { "type": "Point", "coordinates": [ 7.554156, 51.997692 ] } },
{ "type": "Feature", "properties": { "stop_id": "4694102", "stop_name": "Von-Schonebeck-Ring A", "location_type": null, "parent_station": "46941P" }, "geometry": { "type": "Point", "coordinates": [ 7.552408, 51.998706 ] } },
{ "type": "Feature", "properties": { "stop_id": "4695001", "stop_name": "Hermann-Hesse-Straße A", "location_type": null, "parent_station": "46950P" }, "geometry": { "type": "Point", "coordinates": [ 7.553429, 51.995357 ] } },
{ "type": "Feature", "properties": { "stop_id": "4695002", "stop_name": "Hermann-Hesse-Straße B", "location_type": null, "parent_station": "46950P" }, "geometry": { "type": "Point", "coordinates": [ 7.55328, 51.995371 ] } },
{ "type": "Feature", "properties": { "stop_id": "4696101", "stop_name": "Stefan-Zweig-Str.", "location_type": null, "parent_station": "46961P" }, "geometry": { "type": "Point", "coordinates": [ 7.553384, 51.99154 ] } },
{ "type": "Feature", "properties": { "stop_id": "4696102", "stop_name": "Stefan-Zweig-Str.", "location_type": null, "parent_station": "46961P" }, "geometry": { "type": "Point", "coordinates": [ 7.551873, 51.991341 ] } },
{ "type": "Feature", "properties": { "stop_id": "4697001", "stop_name": "Isolde-Kurz-Str. A", "location_type": null, "parent_station": "46970P" }, "geometry": { "type": "Point", "coordinates": [ 7.548291, 51.993322 ] } },
{ "type": "Feature", "properties": { "stop_id": "4697002", "stop_name": "Isolde-Kurz-Str. B", "location_type": null, "parent_station": "46970P" }, "geometry": { "type": "Point", "coordinates": [ 7.548484, 51.993484 ] } },
{ "type": "Feature", "properties": { "stop_id": "4698101", "stop_name": "Haus Rüschhaus", "location_type": null, "parent_station": "46981P" }, "geometry": { "type": "Point", "coordinates": [ 7.549895, 51.98337 ] } },
{ "type": "Feature", "properties": { "stop_id": "4698102", "stop_name": "Haus Rüschhaus", "location_type": null, "parent_station": "46981P" }, "geometry": { "type": "Point", "coordinates": [ 7.549968, 51.983176 ] } },
{ "type": "Feature", "properties": { "stop_id": "4699101", "stop_name": "Autobahn Nord", "location_type": null, "parent_station": "46991P" }, "geometry": { "type": "Point", "coordinates": [ 7.557304, 51.977791 ] } },
{ "type": "Feature", "properties": { "stop_id": "4699102", "stop_name": "Autobahn Nord", "location_type": null, "parent_station": "46991P" }, "geometry": { "type": "Point", "coordinates": [ 7.556857, 51.977893 ] } },
{ "type": "Feature", "properties": { "stop_id": "4704101", "stop_name": "Zum Roten Berge", "location_type": null, "parent_station": "47041P" }, "geometry": { "type": "Point", "coordinates": [ 7.640469, 51.899431 ] } },
{ "type": "Feature", "properties": { "stop_id": "4704102", "stop_name": "Zum Roten Berge", "location_type": null, "parent_station": "47041P" }, "geometry": { "type": "Point", "coordinates": [ 7.641137, 51.898869 ] } },
{ "type": "Feature", "properties": { "stop_id": "4705101", "stop_name": "Blomenkamp A", "location_type": null, "parent_station": "47051P" }, "geometry": { "type": "Point", "coordinates": [ 7.527607, 51.926357 ] } },
{ "type": "Feature", "properties": { "stop_id": "4705102", "stop_name": "Blomenkamp B", "location_type": null, "parent_station": "47051P" }, "geometry": { "type": "Point", "coordinates": [ 7.527508, 51.92626 ] } },
{ "type": "Feature", "properties": { "stop_id": "4706101", "stop_name": "Dülmener Straße", "location_type": null, "parent_station": "47061P" }, "geometry": { "type": "Point", "coordinates": [ 7.523809, 51.924944 ] } },
{ "type": "Feature", "properties": { "stop_id": "4706102", "stop_name": "Dülmener Straße", "location_type": null, "parent_station": "47061P" }, "geometry": { "type": "Point", "coordinates": [ 7.523565, 51.924836 ] } },
{ "type": "Feature", "properties": { "stop_id": "4706501", "stop_name": "Rottkamp", "location_type": null, "parent_station": "47065P" }, "geometry": { "type": "Point", "coordinates": [ 7.519123, 51.925064 ] } },
{ "type": "Feature", "properties": { "stop_id": "4706502", "stop_name": "Rottkamp", "location_type": null, "parent_station": "47065P" }, "geometry": { "type": "Point", "coordinates": [ 7.519796, 51.925009 ] } },
{ "type": "Feature", "properties": { "stop_id": "4707101", "stop_name": "Albachten Kirche", "location_type": null, "parent_station": "47071P" }, "geometry": { "type": "Point", "coordinates": [ 7.527486, 51.924709 ] } },
{ "type": "Feature", "properties": { "stop_id": "4707102", "stop_name": "Albachten Kirche", "location_type": null, "parent_station": "47071P" }, "geometry": { "type": "Point", "coordinates": [ 7.527928, 51.924415 ] } },
{ "type": "Feature", "properties": { "stop_id": "4712101", "stop_name": "Wolbecker Windmühle A", "location_type": null, "parent_station": "47121P" }, "geometry": { "type": "Point", "coordinates": [ 7.721276, 51.929141 ] } },
{ "type": "Feature", "properties": { "stop_id": "4718101", "stop_name": "Am Tiergarten", "location_type": null, "parent_station": "47181P" }, "geometry": { "type": "Point", "coordinates": [ 7.742061, 51.917293 ] } },
{ "type": "Feature", "properties": { "stop_id": "4718102", "stop_name": "Am Tiergarten", "location_type": null, "parent_station": "47181P" }, "geometry": { "type": "Point", "coordinates": [ 7.74209, 51.917346 ] } },
{ "type": "Feature", "properties": { "stop_id": "4719101", "stop_name": "Im Bilskamp", "location_type": null, "parent_station": "47191P" }, "geometry": { "type": "Point", "coordinates": [ 7.737253, 51.917658 ] } },
{ "type": "Feature", "properties": { "stop_id": "4719102", "stop_name": "Im Bilskamp", "location_type": null, "parent_station": "47191P" }, "geometry": { "type": "Point", "coordinates": [ 7.738202, 51.917774 ] } },
{ "type": "Feature", "properties": { "stop_id": "4720102", "stop_name": "Kurhaus", "location_type": null, "parent_station": "47201P" }, "geometry": { "type": "Point", "coordinates": [ 7.734599, 51.916939 ] } },
{ "type": "Feature", "properties": { "stop_id": "4722101", "stop_name": "Ringstraße A", "location_type": null, "parent_station": "47221P" }, "geometry": { "type": "Point", "coordinates": [ 7.660971, 51.906154 ] } },
{ "type": "Feature", "properties": { "stop_id": "4722102", "stop_name": "Ringstraße B", "location_type": null, "parent_station": "47221P" }, "geometry": { "type": "Point", "coordinates": [ 7.662072, 51.905859 ] } },
{ "type": "Feature", "properties": { "stop_id": "4722802", "stop_name": "Hiltrup Bahnhof", "location_type": null, "parent_station": "47228P" }, "geometry": { "type": "Point", "coordinates": [ 7.653664, 51.905136 ] } },
{ "type": "Feature", "properties": { "stop_id": "4723101", "stop_name": "Glasuritstr. A", "location_type": null, "parent_station": "47231P" }, "geometry": { "type": "Point", "coordinates": [ 7.650432, 51.904865 ] } },
{ "type": "Feature", "properties": { "stop_id": "4723102", "stop_name": "Glasuritstr. B", "location_type": null, "parent_station": "47231P" }, "geometry": { "type": "Point", "coordinates": [ 7.650742, 51.905034 ] } },
{ "type": "Feature", "properties": { "stop_id": "4723103", "stop_name": "Glasuritstr. C", "location_type": null, "parent_station": "47231P" }, "geometry": { "type": "Point", "coordinates": [ 7.650758, 51.905805 ] } },
{ "type": "Feature", "properties": { "stop_id": "4723104", "stop_name": "Glasuritstr. D", "location_type": null, "parent_station": "47231P" }, "geometry": { "type": "Point", "coordinates": [ 7.650901, 51.905764 ] } },
{ "type": "Feature", "properties": { "stop_id": "4723106", "stop_name": "Glasuritstr. E", "location_type": null, "parent_station": "47231P" }, "geometry": { "type": "Point", "coordinates": [ 7.651593, 51.90444 ] } },
{ "type": "Feature", "properties": { "stop_id": "4724101", "stop_name": "Marktallee A", "location_type": null, "parent_station": "47241P" }, "geometry": { "type": "Point", "coordinates": [ 7.644804, 51.904185 ] } },
{ "type": "Feature", "properties": { "stop_id": "4724102", "stop_name": "Marktallee B", "location_type": null, "parent_station": "47241P" }, "geometry": { "type": "Point", "coordinates": [ 7.645781, 51.904354 ] } },
{ "type": "Feature", "properties": { "stop_id": "4725101", "stop_name": "Hiltrup Schulzentrum / Stadthalle A", "location_type": null, "parent_station": "47251P" }, "geometry": { "type": "Point", "coordinates": [ 7.63964, 51.903017 ] } },
{ "type": "Feature", "properties": { "stop_id": "4725102", "stop_name": "Hiltrup Schulzentrum / Stadthalle B", "location_type": null, "parent_station": "47251P" }, "geometry": { "type": "Point", "coordinates": [ 7.639571, 51.903084 ] } },
{ "type": "Feature", "properties": { "stop_id": "4726101", "stop_name": "An der Alten Kirche", "location_type": null, "parent_station": "47261P" }, "geometry": { "type": "Point", "coordinates": [ 7.635931, 51.905088 ] } },
{ "type": "Feature", "properties": { "stop_id": "4726102", "stop_name": "An der Alten Kirche", "location_type": null, "parent_station": "47261P" }, "geometry": { "type": "Point", "coordinates": [ 7.635943, 51.905289 ] } },
{ "type": "Feature", "properties": { "stop_id": "4727101", "stop_name": "Herz-Jesu-Krankenhaus A", "location_type": null, "parent_station": "47271P" }, "geometry": { "type": "Point", "coordinates": [ 7.632723, 51.909495 ] } },
{ "type": "Feature", "properties": { "stop_id": "4727102", "stop_name": "Herz-Jesu-Krankenhaus B", "location_type": null, "parent_station": "47271P" }, "geometry": { "type": "Point", "coordinates": [ 7.632915, 51.909185 ] } },
{ "type": "Feature", "properties": { "stop_id": "4728101", "stop_name": "Westfalenstr.", "location_type": null, "parent_station": "47281P" }, "geometry": { "type": "Point", "coordinates": [ 7.632117, 51.917102 ] } },
{ "type": "Feature", "properties": { "stop_id": "4728102", "stop_name": "Westfalenstr.", "location_type": null, "parent_station": "47281P" }, "geometry": { "type": "Point", "coordinates": [ 7.632247, 51.917372 ] } },
{ "type": "Feature", "properties": { "stop_id": "4728501", "stop_name": "Merkureck", "location_type": null, "parent_station": "47285P" }, "geometry": { "type": "Point", "coordinates": [ 7.632767, 51.914028 ] } },
{ "type": "Feature", "properties": { "stop_id": "4728502", "stop_name": "Merkureck", "location_type": null, "parent_station": "47285P" }, "geometry": { "type": "Point", "coordinates": [ 7.632962, 51.914167 ] } },
{ "type": "Feature", "properties": { "stop_id": "4729101", "stop_name": "Vennheideweg", "location_type": null, "parent_station": "47291P" }, "geometry": { "type": "Point", "coordinates": [ 7.631071, 51.921269 ] } },
{ "type": "Feature", "properties": { "stop_id": "4729102", "stop_name": "Vennheideweg", "location_type": null, "parent_station": "47291P" }, "geometry": { "type": "Point", "coordinates": [ 7.631485, 51.921106 ] } },
{ "type": "Feature", "properties": { "stop_id": "4731101", "stop_name": "Sültemeyer", "location_type": null, "parent_station": "47311P" }, "geometry": { "type": "Point", "coordinates": [ 7.728161, 51.917298 ] } },
{ "type": "Feature", "properties": { "stop_id": "4731102", "stop_name": "Sültemeyer", "location_type": null, "parent_station": "47311P" }, "geometry": { "type": "Point", "coordinates": [ 7.728419, 51.917882 ] } },
{ "type": "Feature", "properties": { "stop_id": "4732101", "stop_name": "Wolbeck Markt B", "location_type": null, "parent_station": "47321P" }, "geometry": { "type": "Point", "coordinates": [ 7.724798, 51.91527 ] } },
{ "type": "Feature", "properties": { "stop_id": "4732102", "stop_name": "Wolbeck Markt A", "location_type": null, "parent_station": "47321P" }, "geometry": { "type": "Point", "coordinates": [ 7.724877, 51.915997 ] } },
{ "type": "Feature", "properties": { "stop_id": "4732103", "stop_name": "Wolbeck Markt C", "location_type": null, "parent_station": "47321P" }, "geometry": { "type": "Point", "coordinates": [ 7.726517, 51.915803 ] } },
{ "type": "Feature", "properties": { "stop_id": "4733101", "stop_name": "Am Berler Kamp", "location_type": null, "parent_station": "47331P" }, "geometry": { "type": "Point", "coordinates": [ 7.720851, 51.915756 ] } },
{ "type": "Feature", "properties": { "stop_id": "4733102", "stop_name": "Am Berler Kamp", "location_type": null, "parent_station": "47331P" }, "geometry": { "type": "Point", "coordinates": [ 7.720598, 51.915874 ] } },
{ "type": "Feature", "properties": { "stop_id": "4734101", "stop_name": "Twenhövenweg", "location_type": null, "parent_station": "47341P" }, "geometry": { "type": "Point", "coordinates": [ 7.706103, 51.918174 ] } },
{ "type": "Feature", "properties": { "stop_id": "4734102", "stop_name": "Twenhövenweg", "location_type": null, "parent_station": "47341P" }, "geometry": { "type": "Point", "coordinates": [ 7.706324, 51.918249 ] } },
{ "type": "Feature", "properties": { "stop_id": "4735101", "stop_name": "Haus Angelmodde", "location_type": null, "parent_station": "47351P" }, "geometry": { "type": "Point", "coordinates": [ 7.702863, 51.919727 ] } },
{ "type": "Feature", "properties": { "stop_id": "4735102", "stop_name": "Haus Angelmodde", "location_type": null, "parent_station": "47351P" }, "geometry": { "type": "Point", "coordinates": [ 7.702719, 51.919966 ] } },
{ "type": "Feature", "properties": { "stop_id": "4736101", "stop_name": "Angelmodde Kirche", "location_type": null, "parent_station": "47361P" }, "geometry": { "type": "Point", "coordinates": [ 7.700793, 51.921684 ] } },
{ "type": "Feature", "properties": { "stop_id": "4736102", "stop_name": "Angelmodde Kirche", "location_type": null, "parent_station": "47361P" }, "geometry": { "type": "Point", "coordinates": [ 7.700839, 51.922282 ] } },
{ "type": "Feature", "properties": { "stop_id": "4737101", "stop_name": "Am Hohen Ufer", "location_type": null, "parent_station": "47371P" }, "geometry": { "type": "Point", "coordinates": [ 7.691634, 51.926925 ] } },
{ "type": "Feature", "properties": { "stop_id": "4737102", "stop_name": "Am Hohen Ufer", "location_type": null, "parent_station": "47371P" }, "geometry": { "type": "Point", "coordinates": [ 7.691101, 51.927316 ] } },
{ "type": "Feature", "properties": { "stop_id": "4738101", "stop_name": "Wolbeck Ehrenmal", "location_type": null, "parent_station": "47381P" }, "geometry": { "type": "Point", "coordinates": [ 7.728526, 51.920004 ] } },
{ "type": "Feature", "properties": { "stop_id": "4738102", "stop_name": "Wolbeck Ehrenmal", "location_type": null, "parent_station": "47381P" }, "geometry": { "type": "Point", "coordinates": [ 7.728629, 51.920003 ] } },
{ "type": "Feature", "properties": { "stop_id": "4738501", "stop_name": "Zur Walbeke", "location_type": null, "parent_station": "47385P" }, "geometry": { "type": "Point", "coordinates": [ 7.736211, 51.920864 ] } },
{ "type": "Feature", "properties": { "stop_id": "4738701", "stop_name": "Nikolausweg A", "location_type": null, "parent_station": "47387P" }, "geometry": { "type": "Point", "coordinates": [ 7.731198, 51.921255 ] } },
{ "type": "Feature", "properties": { "stop_id": "4738702", "stop_name": "Nikolausweg B", "location_type": null, "parent_station": "47387P" }, "geometry": { "type": "Point", "coordinates": [ 7.731286, 51.92134 ] } },
{ "type": "Feature", "properties": { "stop_id": "4739101", "stop_name": "Middelerstraße A", "location_type": null, "parent_station": "47391P" }, "geometry": { "type": "Point", "coordinates": [ 7.729721, 51.925133 ] } },
{ "type": "Feature", "properties": { "stop_id": "4739102", "stop_name": "Middelerstraße B", "location_type": null, "parent_station": "47391P" }, "geometry": { "type": "Point", "coordinates": [ 7.729488, 51.925296 ] } },
{ "type": "Feature", "properties": { "stop_id": "4739201", "stop_name": "Hiltruper Str.", "location_type": null, "parent_station": "47392P" }, "geometry": { "type": "Point", "coordinates": [ 7.719331, 51.911711 ] } },
{ "type": "Feature", "properties": { "stop_id": "4739202", "stop_name": "Hiltruper Str.", "location_type": null, "parent_station": "47392P" }, "geometry": { "type": "Point", "coordinates": [ 7.71639, 51.911291 ] } },
{ "type": "Feature", "properties": { "stop_id": "4739701", "stop_name": "Holtrode A", "location_type": null, "parent_station": "47397P" }, "geometry": { "type": "Point", "coordinates": [ 7.73107, 51.923417 ] } },
{ "type": "Feature", "properties": { "stop_id": "4739702", "stop_name": "Holtrode B", "location_type": null, "parent_station": "47397P" }, "geometry": { "type": "Point", "coordinates": [ 7.731285, 51.923352 ] } },
{ "type": "Feature", "properties": { "stop_id": "4742101", "stop_name": "Im Dahl", "location_type": null, "parent_station": "47421P" }, "geometry": { "type": "Point", "coordinates": [ 7.636244, 51.913152 ] } },
{ "type": "Feature", "properties": { "stop_id": "4742102", "stop_name": "Im Dahl", "location_type": null, "parent_station": "47421P" }, "geometry": { "type": "Point", "coordinates": [ 7.636122, 51.913683 ] } },
{ "type": "Feature", "properties": { "stop_id": "4743101", "stop_name": "An der Christuskirche A", "location_type": null, "parent_station": "47431P" }, "geometry": { "type": "Point", "coordinates": [ 7.649526, 51.907333 ] } },
{ "type": "Feature", "properties": { "stop_id": "4743102", "stop_name": "An der Christuskirche B", "location_type": null, "parent_station": "47431P" }, "geometry": { "type": "Point", "coordinates": [ 7.649456, 51.907554 ] } },
{ "type": "Feature", "properties": { "stop_id": "4744101", "stop_name": "Von-Flotow-Str. A", "location_type": null, "parent_station": "47441P" }, "geometry": { "type": "Point", "coordinates": [ 7.646519, 51.908314 ] } },
{ "type": "Feature", "properties": { "stop_id": "4744102", "stop_name": "Von-Flotow-Str. B", "location_type": null, "parent_station": "47441P" }, "geometry": { "type": "Point", "coordinates": [ 7.646324, 51.90834 ] } },
{ "type": "Feature", "properties": { "stop_id": "4745101", "stop_name": "Max-Reger-Str. A", "location_type": null, "parent_station": "47451P" }, "geometry": { "type": "Point", "coordinates": [ 7.64327, 51.907594 ] } },
{ "type": "Feature", "properties": { "stop_id": "4745102", "stop_name": "Max-Reger-Str. B", "location_type": null, "parent_station": "47451P" }, "geometry": { "type": "Point", "coordinates": [ 7.642757, 51.907621 ] } },
{ "type": "Feature", "properties": { "stop_id": "4746101", "stop_name": "Wolbeck Schulzentrum A", "location_type": null, "parent_station": "47461P" }, "geometry": { "type": "Point", "coordinates": [ 7.717636, 51.916126 ] } },
{ "type": "Feature", "properties": { "stop_id": "4746102", "stop_name": "Wolbeck Schulzentrum B", "location_type": null, "parent_station": "47461P" }, "geometry": { "type": "Point", "coordinates": [ 7.717389, 51.916048 ] } },
{ "type": "Feature", "properties": { "stop_id": "4747001", "stop_name": "Wolbeck Nogatstr.", "location_type": null, "parent_station": "47470P" }, "geometry": { "type": "Point", "coordinates": [ 7.71637, 51.910614 ] } },
{ "type": "Feature", "properties": { "stop_id": "4747002", "stop_name": "Wolbeck Nogatstr.", "location_type": null, "parent_station": "47470P" }, "geometry": { "type": "Point", "coordinates": [ 7.716607, 51.910506 ] } },
{ "type": "Feature", "properties": { "stop_id": "4747101", "stop_name": "Von-Holte-Str.", "location_type": null, "parent_station": "47471P" }, "geometry": { "type": "Point", "coordinates": [ 7.722747, 51.912478 ] } },
{ "type": "Feature", "properties": { "stop_id": "4747102", "stop_name": "Von-Holte-Str.", "location_type": null, "parent_station": "47471P" }, "geometry": { "type": "Point", "coordinates": [ 7.722834, 51.912382 ] } },
{ "type": "Feature", "properties": { "stop_id": "4747501", "stop_name": "Anton-Aulke-Str.", "location_type": null, "parent_station": "47475P" }, "geometry": { "type": "Point", "coordinates": [ 7.719147, 51.908534 ] } },
{ "type": "Feature", "properties": { "stop_id": "4747502", "stop_name": "Anton-Aulke-Str.", "location_type": null, "parent_station": "47475P" }, "geometry": { "type": "Point", "coordinates": [ 7.719415, 51.908255 ] } },
{ "type": "Feature", "properties": { "stop_id": "4748001", "stop_name": "Brandhoveweg A", "location_type": null, "parent_station": "47480P" }, "geometry": { "type": "Point", "coordinates": [ 7.71258, 51.911014 ] } },
{ "type": "Feature", "properties": { "stop_id": "4748002", "stop_name": "Brandhoveweg B", "location_type": null, "parent_station": "47480P" }, "geometry": { "type": "Point", "coordinates": [ 7.712984, 51.91092 ] } },
{ "type": "Feature", "properties": { "stop_id": "4748101", "stop_name": "Zumbuschstraße", "location_type": null, "parent_station": "47481P" }, "geometry": { "type": "Point", "coordinates": [ 7.721824, 51.911194 ] } },
{ "type": "Feature", "properties": { "stop_id": "4748102", "stop_name": "Zumbuschstraße", "location_type": null, "parent_station": "47481P" }, "geometry": { "type": "Point", "coordinates": [ 7.720909, 51.909819 ] } },
{ "type": "Feature", "properties": { "stop_id": "4749101", "stop_name": "Homannstraße", "location_type": null, "parent_station": "47491P" }, "geometry": { "type": "Point", "coordinates": [ 7.697508, 51.924601 ] } },
{ "type": "Feature", "properties": { "stop_id": "4749102", "stop_name": "Homannstraße", "location_type": null, "parent_station": "47491P" }, "geometry": { "type": "Point", "coordinates": [ 7.697391, 51.924731 ] } },
{ "type": "Feature", "properties": { "stop_id": "4750101", "stop_name": "Bredekamp", "location_type": null, "parent_station": "47501P" }, "geometry": { "type": "Point", "coordinates": [ 7.634086, 51.917476 ] } },
{ "type": "Feature", "properties": { "stop_id": "4750102", "stop_name": "Bredekamp", "location_type": null, "parent_station": "47501P" }, "geometry": { "type": "Point", "coordinates": [ 7.633952, 51.917883 ] } },
{ "type": "Feature", "properties": { "stop_id": "4751101", "stop_name": "Geistkamp", "location_type": null, "parent_station": "47511P" }, "geometry": { "type": "Point", "coordinates": [ 7.637256, 51.910702 ] } },
{ "type": "Feature", "properties": { "stop_id": "4751102", "stop_name": "Geistkamp", "location_type": null, "parent_station": "47511P" }, "geometry": { "type": "Point", "coordinates": [ 7.637504, 51.91028 ] } },
{ "type": "Feature", "properties": { "stop_id": "4752101", "stop_name": "Hülsebrockstr. B", "location_type": null, "parent_station": "47521P" }, "geometry": { "type": "Point", "coordinates": [ 7.639702, 51.907299 ] } },
{ "type": "Feature", "properties": { "stop_id": "4752102", "stop_name": "Hülsebrockstr. A", "location_type": null, "parent_station": "47521P" }, "geometry": { "type": "Point", "coordinates": [ 7.638719, 51.907633 ] } },
{ "type": "Feature", "properties": { "stop_id": "4752103", "stop_name": "Hülsebrockstr. C", "location_type": null, "parent_station": "47521P" }, "geometry": { "type": "Point", "coordinates": [ 7.639323, 51.906699 ] } },
{ "type": "Feature", "properties": { "stop_id": "4753101", "stop_name": "Hohe Geest / Hiltruper Museum", "location_type": null, "parent_station": "47531P" }, "geometry": { "type": "Point", "coordinates": [ 7.641574, 51.904377 ] } },
{ "type": "Feature", "properties": { "stop_id": "4753102", "stop_name": "Hohe Geest / Hiltruper Museum", "location_type": null, "parent_station": "47531P" }, "geometry": { "type": "Point", "coordinates": [ 7.640968, 51.905178 ] } },
{ "type": "Feature", "properties": { "stop_id": "4754101", "stop_name": "Nimrodweg A", "location_type": null, "parent_station": "47541P" }, "geometry": { "type": "Point", "coordinates": [ 7.635417, 51.900826 ] } },
{ "type": "Feature", "properties": { "stop_id": "4754102", "stop_name": "Nimrodweg B", "location_type": null, "parent_station": "47541P" }, "geometry": { "type": "Point", "coordinates": [ 7.635225, 51.900842 ] } },
{ "type": "Feature", "properties": { "stop_id": "4755101", "stop_name": "Langestraße A", "location_type": null, "parent_station": "47551P" }, "geometry": { "type": "Point", "coordinates": [ 7.631959, 51.899868 ] } },
{ "type": "Feature", "properties": { "stop_id": "4755102", "stop_name": "Langestraße B", "location_type": null, "parent_station": "47551P" }, "geometry": { "type": "Point", "coordinates": [ 7.631756, 51.899911 ] } },
{ "type": "Feature", "properties": { "stop_id": "4756101", "stop_name": "Rückertstraße A", "location_type": null, "parent_station": "47561P" }, "geometry": { "type": "Point", "coordinates": [ 7.628605, 51.899123 ] } },
{ "type": "Feature", "properties": { "stop_id": "4756102", "stop_name": "Rückertstraße B", "location_type": null, "parent_station": "47561P" }, "geometry": { "type": "Point", "coordinates": [ 7.62768, 51.899011 ] } },
{ "type": "Feature", "properties": { "stop_id": "4757101", "stop_name": "Amelsbürener Str. A", "location_type": null, "parent_station": "47571P" }, "geometry": { "type": "Point", "coordinates": [ 7.624094, 51.898117 ] } },
{ "type": "Feature", "properties": { "stop_id": "4757102", "stop_name": "Amelsbürener Str. B", "location_type": null, "parent_station": "47571P" }, "geometry": { "type": "Point", "coordinates": [ 7.624314, 51.898264 ] } },
{ "type": "Feature", "properties": { "stop_id": "4757501", "stop_name": "Franz-Berding-Weg", "location_type": null, "parent_station": "47575P" }, "geometry": { "type": "Point", "coordinates": [ 7.624149, 51.899966 ] } },
{ "type": "Feature", "properties": { "stop_id": "4757502", "stop_name": "Franz-Berding-Weg", "location_type": null, "parent_station": "47575P" }, "geometry": { "type": "Point", "coordinates": [ 7.624843, 51.900473 ] } },
{ "type": "Feature", "properties": { "stop_id": "4759501", "stop_name": "Raringheide", "location_type": null, "parent_station": "47595P" }, "geometry": { "type": "Point", "coordinates": [ 7.62051, 51.887325 ] } },
{ "type": "Feature", "properties": { "stop_id": "4759502", "stop_name": "Raringheide", "location_type": null, "parent_station": "47595P" }, "geometry": { "type": "Point", "coordinates": [ 7.620749, 51.887494 ] } },
{ "type": "Feature", "properties": { "stop_id": "4760002", "stop_name": "Amelsbüren Bahnhof", "location_type": null, "parent_station": "47600P" }, "geometry": { "type": "Point", "coordinates": [ 7.59974, 51.884459 ] } },
{ "type": "Feature", "properties": { "stop_id": "4761501", "stop_name": "Am Dornbusch", "location_type": null, "parent_station": "47615P" }, "geometry": { "type": "Point", "coordinates": [ 7.608656, 51.880559 ] } },
{ "type": "Feature", "properties": { "stop_id": "4761502", "stop_name": "Am Dornbusch", "location_type": null, "parent_station": "47615P" }, "geometry": { "type": "Point", "coordinates": [ 7.608825, 51.880393 ] } },
{ "type": "Feature", "properties": { "stop_id": "4764101", "stop_name": "Davertstraße B", "location_type": null, "parent_station": "47641P" }, "geometry": { "type": "Point", "coordinates": [ 7.607431, 51.881998 ] } },
{ "type": "Feature", "properties": { "stop_id": "4764102", "stop_name": "Davertstraße A", "location_type": null, "parent_station": "47641P" }, "geometry": { "type": "Point", "coordinates": [ 7.606237, 51.883244 ] } },
{ "type": "Feature", "properties": { "stop_id": "4764103", "stop_name": "Davertstraße C", "location_type": null, "parent_station": "47641P" }, "geometry": { "type": "Point", "coordinates": [ 7.605208, 51.883141 ] } },
{ "type": "Feature", "properties": { "stop_id": "4765101", "stop_name": "Linckensstraße", "location_type": null, "parent_station": "47651P" }, "geometry": { "type": "Point", "coordinates": [ 7.624978, 51.908477 ] } },
{ "type": "Feature", "properties": { "stop_id": "4765102", "stop_name": "Linckensstraße", "location_type": null, "parent_station": "47651P" }, "geometry": { "type": "Point", "coordinates": [ 7.624984, 51.908129 ] } },
{ "type": "Feature", "properties": { "stop_id": "4765501", "stop_name": "Haus Herding B", "location_type": null, "parent_station": "47655P" }, "geometry": { "type": "Point", "coordinates": [ 7.624633, 51.905804 ] } },
{ "type": "Feature", "properties": { "stop_id": "4765502", "stop_name": "Haus Herding A", "location_type": null, "parent_station": "47655P" }, "geometry": { "type": "Point", "coordinates": [ 7.624797, 51.905919 ] } },
{ "type": "Feature", "properties": { "stop_id": "4766101", "stop_name": "Meesenstiege", "location_type": null, "parent_station": "47661P" }, "geometry": { "type": "Point", "coordinates": [ 7.625452, 51.903289 ] } },
{ "type": "Feature", "properties": { "stop_id": "4766102", "stop_name": "Meesenstiege", "location_type": null, "parent_station": "47661P" }, "geometry": { "type": "Point", "coordinates": [ 7.625425, 51.904042 ] } },
{ "type": "Feature", "properties": { "stop_id": "4767001", "stop_name": "Hünenburg", "location_type": null, "parent_station": "47670P" }, "geometry": { "type": "Point", "coordinates": [ 7.624012, 51.910865 ] } },
{ "type": "Feature", "properties": { "stop_id": "4767002", "stop_name": "Hünenburg", "location_type": null, "parent_station": "47670P" }, "geometry": { "type": "Point", "coordinates": [ 7.624053, 51.910758 ] } },
{ "type": "Feature", "properties": { "stop_id": "4767501", "stop_name": "Grollheide", "location_type": null, "parent_station": "47675P" }, "geometry": { "type": "Point", "coordinates": [ 7.615646, 51.915979 ] } },
{ "type": "Feature", "properties": { "stop_id": "4767502", "stop_name": "Grollheide", "location_type": null, "parent_station": "47675P" }, "geometry": { "type": "Point", "coordinates": [ 7.615672, 51.916055 ] } },
{ "type": "Feature", "properties": { "stop_id": "4770101", "stop_name": "Hiltrup Hallenbad", "location_type": null, "parent_station": "47701P" }, "geometry": { "type": "Point", "coordinates": [ 7.638917, 51.901408 ] } },
{ "type": "Feature", "properties": { "stop_id": "4770102", "stop_name": "Hiltrup Hallenbad", "location_type": null, "parent_station": "47701P" }, "geometry": { "type": "Point", "coordinates": [ 7.639253, 51.901222 ] } },
{ "type": "Feature", "properties": { "stop_id": "4774702", "stop_name": "Sprakeler Heide", "location_type": null, "parent_station": "47747P" }, "geometry": { "type": "Point", "coordinates": [ 7.594906, 52.046693 ] } },
{ "type": "Feature", "properties": { "stop_id": "4774801", "stop_name": "Im Brook", "location_type": null, "parent_station": "47748P" }, "geometry": { "type": "Point", "coordinates": [ 7.589949, 52.04938 ] } },
{ "type": "Feature", "properties": { "stop_id": "4781101", "stop_name": "Herrenburg A", "location_type": null, "parent_station": "47811P" }, "geometry": { "type": "Point", "coordinates": [ 7.630492, 51.893286 ] } },
{ "type": "Feature", "properties": { "stop_id": "4781102", "stop_name": "Herrenburg B", "location_type": null, "parent_station": "47811P" }, "geometry": { "type": "Point", "coordinates": [ 7.627306, 51.893404 ] } },
{ "type": "Feature", "properties": { "stop_id": "4781301", "stop_name": "Malteserstraße A", "location_type": null, "parent_station": "47813P" }, "geometry": { "type": "Point", "coordinates": [ 7.634017, 51.893596 ] } },
{ "type": "Feature", "properties": { "stop_id": "4781302", "stop_name": "Malteserstraße B", "location_type": null, "parent_station": "47813P" }, "geometry": { "type": "Point", "coordinates": [ 7.633462, 51.893592 ] } },
{ "type": "Feature", "properties": { "stop_id": "4782101", "stop_name": "Hansestraße A", "location_type": null, "parent_station": "47821P" }, "geometry": { "type": "Point", "coordinates": [ 7.622008, 51.893352 ] } },
{ "type": "Feature", "properties": { "stop_id": "4782102", "stop_name": "Hansestraße B", "location_type": null, "parent_station": "47821P" }, "geometry": { "type": "Point", "coordinates": [ 7.622498, 51.894289 ] } },
{ "type": "Feature", "properties": { "stop_id": "4782103", "stop_name": "Hansestraße C", "location_type": null, "parent_station": "47821P" }, "geometry": { "type": "Point", "coordinates": [ 7.623432, 51.893434 ] } },
{ "type": "Feature", "properties": { "stop_id": "4783101", "stop_name": "Sternkamp", "location_type": null, "parent_station": "47831P" }, "geometry": { "type": "Point", "coordinates": [ 7.622527, 51.896517 ] } },
{ "type": "Feature", "properties": { "stop_id": "4783102", "stop_name": "Sternkamp", "location_type": null, "parent_station": "47831P" }, "geometry": { "type": "Point", "coordinates": [ 7.622606, 51.89587 ] } },
{ "type": "Feature", "properties": { "stop_id": "4785101", "stop_name": "Amelsbüren Süd", "location_type": null, "parent_station": "47851P" }, "geometry": { "type": "Point", "coordinates": [ 7.609496, 51.878559 ] } },
{ "type": "Feature", "properties": { "stop_id": "4786101", "stop_name": "Gropiusstraße A", "location_type": null, "parent_station": "47861P" }, "geometry": { "type": "Point", "coordinates": [ 7.595658, 51.89097 ] } },
{ "type": "Feature", "properties": { "stop_id": "4786102", "stop_name": "Gropiusstraße B", "location_type": null, "parent_station": "47861P" }, "geometry": { "type": "Point", "coordinates": [ 7.593978, 51.891167 ] } },
{ "type": "Feature", "properties": { "stop_id": "4786301", "stop_name": "Kopenhagener Straße A", "location_type": null, "parent_station": "47863P" }, "geometry": { "type": "Point", "coordinates": [ 7.58409, 51.892105 ] } },
{ "type": "Feature", "properties": { "stop_id": "4786302", "stop_name": "Kopenhagener Straße B", "location_type": null, "parent_station": "47863P" }, "geometry": { "type": "Point", "coordinates": [ 7.583161, 51.891584 ] } },
{ "type": "Feature", "properties": { "stop_id": "4786501", "stop_name": "Antwerpener Straße A", "location_type": null, "parent_station": "47865P" }, "geometry": { "type": "Point", "coordinates": [ 7.580548, 51.88824 ] } },
{ "type": "Feature", "properties": { "stop_id": "4786502", "stop_name": "Antwerpener Straße B", "location_type": null, "parent_station": "47865P" }, "geometry": { "type": "Point", "coordinates": [ 7.580818, 51.888186 ] } },
{ "type": "Feature", "properties": { "stop_id": "4790101", "stop_name": "Bertha-von-Suttner-Weg", "location_type": null, "parent_station": "47901P" }, "geometry": { "type": "Point", "coordinates": [ 7.64817, 51.935856 ] } },
{ "type": "Feature", "properties": { "stop_id": "4790102", "stop_name": "Bertha-von-Suttner-Weg", "location_type": null, "parent_station": "47901P" }, "geometry": { "type": "Point", "coordinates": [ 7.647451, 51.935344 ] } },
{ "type": "Feature", "properties": { "stop_id": "4790501", "stop_name": "Verkehrsbetriebe", "location_type": null, "parent_station": "47905P" }, "geometry": { "type": "Point", "coordinates": [ 7.645298, 51.938954 ] } },
{ "type": "Feature", "properties": { "stop_id": "4790502", "stop_name": "Verkehrsbetriebe", "location_type": null, "parent_station": "47905P" }, "geometry": { "type": "Point", "coordinates": [ 7.64595, 51.939206 ] } },
{ "type": "Feature", "properties": { "stop_id": "4790701", "stop_name": "An den Loddenbüschen B", "location_type": null, "parent_station": "47907P" }, "geometry": { "type": "Point", "coordinates": [ 7.647337, 51.929334 ] } },
{ "type": "Feature", "properties": { "stop_id": "4790702", "stop_name": "An den Loddenbüschen A", "location_type": null, "parent_station": "47907P" }, "geometry": { "type": "Point", "coordinates": [ 7.647583, 51.929341 ] } },
{ "type": "Feature", "properties": { "stop_id": "4790703", "stop_name": "An den Loddenbüschen D", "location_type": null, "parent_station": "47907P" }, "geometry": { "type": "Point", "coordinates": [ 7.646732, 51.928313 ] } },
{ "type": "Feature", "properties": { "stop_id": "4790704", "stop_name": "An den Loddenbüschen C", "location_type": null, "parent_station": "47907P" }, "geometry": { "type": "Point", "coordinates": [ 7.646138, 51.928391 ] } },
{ "type": "Feature", "properties": { "stop_id": "4791101", "stop_name": "Gustav-Stresemann-Weg", "location_type": null, "parent_station": "47911P" }, "geometry": { "type": "Point", "coordinates": [ 7.648256, 51.931911 ] } },
{ "type": "Feature", "properties": { "stop_id": "4791102", "stop_name": "Gustav-Stresemann-Weg", "location_type": null, "parent_station": "47911P" }, "geometry": { "type": "Point", "coordinates": [ 7.648055, 51.931709 ] } },
{ "type": "Feature", "properties": { "stop_id": "4791801", "stop_name": "Friedenspark", "location_type": null, "parent_station": "47918P" }, "geometry": { "type": "Point", "coordinates": [ 7.652783, 51.934182 ] } },
{ "type": "Feature", "properties": { "stop_id": "4791802", "stop_name": "Friedenspark", "location_type": null, "parent_station": "47918P" }, "geometry": { "type": "Point", "coordinates": [ 7.653316, 51.934576 ] } },
{ "type": "Feature", "properties": { "stop_id": "4792101", "stop_name": "Biederlackweg", "location_type": null, "parent_station": "47921P" }, "geometry": { "type": "Point", "coordinates": [ 7.653899, 51.932247 ] } },
{ "type": "Feature", "properties": { "stop_id": "4792102", "stop_name": "Biederlackweg", "location_type": null, "parent_station": "47921P" }, "geometry": { "type": "Point", "coordinates": [ 7.654011, 51.932038 ] } },
{ "type": "Feature", "properties": { "stop_id": "4792301", "stop_name": "Gewerbegebiet Loddenheide", "location_type": null, "parent_station": "47923P" }, "geometry": { "type": "Point", "coordinates": [ 7.645932, 51.934053 ] } },
{ "type": "Feature", "properties": { "stop_id": "4792302", "stop_name": "Gewerbegebiet Loddenheide", "location_type": null, "parent_station": "47923P" }, "geometry": { "type": "Point", "coordinates": [ 7.645906, 51.934163 ] } },
{ "type": "Feature", "properties": { "stop_id": "4901101", "stop_name": "Görlitzer Str.", "location_type": null, "parent_station": "49011P" }, "geometry": { "type": "Point", "coordinates": [ 7.643538, 51.992569 ] } },
{ "type": "Feature", "properties": { "stop_id": "4901102", "stop_name": "Görlitzer Str.", "location_type": null, "parent_station": "49011P" }, "geometry": { "type": "Point", "coordinates": [ 7.643834, 51.99252 ] } },
{ "type": "Feature", "properties": { "stop_id": "4902101", "stop_name": "Josefine-Mauser-Str.", "location_type": null, "parent_station": "49021P" }, "geometry": { "type": "Point", "coordinates": [ 7.648248, 51.989594 ] } },
{ "type": "Feature", "properties": { "stop_id": "4902102", "stop_name": "Josefine-Mauser-Str.", "location_type": null, "parent_station": "49021P" }, "geometry": { "type": "Point", "coordinates": [ 7.64815, 51.989851 ] } },
{ "type": "Feature", "properties": { "stop_id": "4975101", "stop_name": "Schlossplatz", "location_type": null, "parent_station": "49751P" }, "geometry": { "type": "Point", "coordinates": [ 7.617942, 51.964548 ] } },
{ "type": "Feature", "properties": { "stop_id": "5433101", "stop_name": "Sperlichstr.", "location_type": null, "parent_station": "54331P" }, "geometry": { "type": "Point", "coordinates": [ 7.610528, 51.949258 ] } },
{ "type": "Feature", "properties": { "stop_id": "5433102", "stop_name": "Sperlichstr.", "location_type": null, "parent_station": "54331P" }, "geometry": { "type": "Point", "coordinates": [ 7.609721, 51.949031 ] } },
{ "type": "Feature", "properties": { "stop_id": "4194002", "stop_name": "Aegidiimarkt / LWL-Museum C", "location_type": null, "parent_station": "41940P" }, "geometry": { "type": "Point", "coordinates": [ 7.623779, 51.960184 ] } },
{ "type": "Feature", "properties": { "stop_id": "4146102", "stop_name": "Aegidiitor", "location_type": null, "parent_station": "41461P" }, "geometry": { "type": "Point", "coordinates": [ 7.618608, 51.957358 ] } },
{ "type": "Feature", "properties": { "stop_id": "4125004", "stop_name": "Dreifaltigkeitskirche C", "location_type": null, "parent_station": "41250P" }, "geometry": { "type": "Point", "coordinates": [ 7.612245, 51.973613 ] } },
{ "type": "Feature", "properties": { "stop_id": "4144102", "stop_name": "Goldene Brücke / Aasee", "location_type": null, "parent_station": "41441P" }, "geometry": { "type": "Point", "coordinates": [ 7.615339, 51.957718 ] } },
{ "type": "Feature", "properties": { "stop_id": "4615102", "stop_name": "Heekweg", "location_type": null, "parent_station": "46151P" }, "geometry": { "type": "Point", "coordinates": [ 7.563286, 51.973599 ] } },
{ "type": "Feature", "properties": { "stop_id": "4342104", "stop_name": "Hansaring D", "location_type": null, "parent_station": "43421P" }, "geometry": { "type": "Point", "coordinates": [ 7.63766, 51.953008 ] } },
{ "type": "Feature", "properties": { "stop_id": "4389004", "stop_name": "Hansa-Berufskolleg C", "location_type": null, "parent_station": "43890P" }, "geometry": { "type": "Point", "coordinates": [ 7.646344, 51.95641 ] } },
{ "type": "Feature", "properties": { "stop_id": "4697003", "stop_name": "Isolde-Kurz-Str. C", "location_type": null, "parent_station": "46970P" }, "geometry": { "type": "Point", "coordinates": [ 7.549191, 51.994034 ] } },
{ "type": "Feature", "properties": { "stop_id": "4762101", "stop_name": "Amelsbüren Kirche", "location_type": null, "parent_station": "47621P" }, "geometry": { "type": "Point", "coordinates": [ 7.605619, 51.885131 ] } },
{ "type": "Feature", "properties": { "stop_id": "4762102", "stop_name": "Amelsbüren Kirche", "location_type": null, "parent_station": "47621P" }, "geometry": { "type": "Point", "coordinates": [ 7.605445, 51.885017 ] } },
{ "type": "Feature", "properties": { "stop_id": "4126001", "stop_name": "Kanonierplatz B", "location_type": null, "parent_station": "41260P" }, "geometry": { "type": "Point", "coordinates": [ 7.612613, 51.97188 ] } },
{ "type": "Feature", "properties": { "stop_id": "4126002", "stop_name": "Kanonierplatz A", "location_type": null, "parent_station": "41260P" }, "geometry": { "type": "Point", "coordinates": [ 7.612436, 51.971527 ] } },
{ "type": "Feature", "properties": { "stop_id": "4758201", "stop_name": "Leisnerstraße", "location_type": null, "parent_station": "47582P" }, "geometry": { "type": "Point", "coordinates": [ 7.60912, 51.884326 ] } },
{ "type": "Feature", "properties": { "stop_id": "4758202", "stop_name": "Leisnerstraße", "location_type": null, "parent_station": "47582P" }, "geometry": { "type": "Point", "coordinates": [ 7.609728, 51.883882 ] } },
{ "type": "Feature", "properties": { "stop_id": "4758103", "stop_name": "Pater-Kolbe-Str. C", "location_type": null, "parent_station": "47581P" }, "geometry": { "type": "Point", "coordinates": [ 7.615042, 51.88305 ] } },
{ "type": "Feature", "properties": { "stop_id": "4758104", "stop_name": "Pater-Kolbe-Str. D", "location_type": null, "parent_station": "47581P" }, "geometry": { "type": "Point", "coordinates": [ 7.614861, 51.882889 ] } },
{ "type": "Feature", "properties": { "stop_id": "4600103", "stop_name": "Rüschhausweg C", "location_type": null, "parent_station": "46001P" }, "geometry": { "type": "Point", "coordinates": [ 7.565431, 51.973873 ] } },
{ "type": "Feature", "properties": { "stop_id": "4140102", "stop_name": "Schützenstraße", "location_type": null, "parent_station": "41401P" }, "geometry": { "type": "Point", "coordinates": [ 7.621303, 51.95819 ] } },

{ "type": "Feature", "properties": { "stop_id": "4145102", "stop_name": "Zentralfriedhof", "location_type": null, "parent_station": "41451P" }, "geometry": { "type": "Point", "coordinates": [ 7.612336, 51.959614 ] } },
{ "type": "Feature", "properties": { "stop_id": "4675001", "stop_name": "Nienberger Straße A", "location_type": null, "parent_station": "46750P" }, "geometry": { "type": "Point", "coordinates": [ 7.612893, 52.041196 ] } },
{ "type": "Feature", "properties": { "stop_id": "4774901", "stop_name": "Sprakel Kapelle", "location_type": null, "parent_station": "47749P" }, "geometry": { "type": "Point", "coordinates": [ 7.591987, 52.043188 ] } },
{ "type": "Feature", "properties": { "stop_id": "4331102", "stop_name": "Bachstraße", "location_type": null, "parent_station": "43311P" }, "geometry": { "type": "Point", "coordinates": [ 7.687524, 51.911387 ] } },
{ "type": "Feature", "properties": { "stop_id": "4331101", "stop_name": "Bachstraße", "location_type": null, "parent_station": "43311P" }, "geometry": { "type": "Point", "coordinates": [ 7.687762, 51.911111 ] } },
{ "type": "Feature", "properties": { "stop_id": "4326103", "stop_name": "Am Schütthook Ersatz", "location_type": null, "parent_station": "43261P" }, "geometry": { "type": "Point", "coordinates": [ 7.683582, 51.913842 ] } },
{ "type": "Feature", "properties": { "stop_id": "4326104", "stop_name": "Am Schütthook Ersatz", "location_type": null, "parent_station": "43261P" }, "geometry": { "type": "Point", "coordinates": [ 7.683698, 51.913936 ] } },
{ "type": "Feature", "properties": { "stop_id": "4759101", "stop_name": "Kanalbrücke", "location_type": null, "parent_station": "47591P" }, "geometry": { "type": "Point", "coordinates": [ 7.604078, 51.888437 ] } },
{ "type": "Feature", "properties": { "stop_id": "4759102", "stop_name": "Kanalbrücke", "location_type": null, "parent_station": "47591P" }, "geometry": { "type": "Point", "coordinates": [ 7.602911, 51.8887 ] } },
{ "type": "Feature", "properties": { "stop_id": "4782104", "stop_name": "Hansestraße D", "location_type": null, "parent_station": "47821P" }, "geometry": { "type": "Point", "coordinates": [ 7.623265, 51.893601 ] } },
{ "type": "Feature", "properties": { "stop_id": "4343201", "stop_name": "Hafenstraße", "location_type": null, "parent_station": "43432P" }, "geometry": { "type": "Point", "coordinates": [ 7.62919, 51.95477 ] } },
{ "type": "Feature", "properties": { "stop_id": "4343202", "stop_name": "Hafenstraße", "location_type": null, "parent_station": "43432P" }, "geometry": { "type": "Point", "coordinates": [ 7.628077, 51.954968 ] } },
{ "type": "Feature", "properties": { "stop_id": "4312101", "stop_name": "Kehre Maikottenweg", "location_type": null, "parent_station": "43121P" }, "geometry": { "type": "Point", "coordinates": [ 7.670967, 51.962856 ] } },
{ "type": "Feature", "properties": { "stop_id": "4313104", "stop_name": "Gallenkamp C", "location_type": null, "parent_station": "43131P" }, "geometry": { "type": "Point", "coordinates": [ 7.663625, 51.956788 ] } },
{ "type": "Feature", "properties": { "stop_id": "4735502", "stop_name": "Eichendorffschule", "location_type": null, "parent_station": "47355P" }, "geometry": { "type": "Point", "coordinates": [ 7.69485, 51.91561 ] } },
{ "type": "Feature", "properties": { "stop_id": "4336004", "stop_name": "Gremmendorfer Weg C", "location_type": null, "parent_station": "43360P" }, "geometry": { "type": "Point", "coordinates": [ 7.666336, 51.928162 ] } },
{ "type": "Feature", "properties": { "stop_id": "4315103", "stop_name": "Ersatz Andreas-Hofer-Str.", "location_type": null, "parent_station": "43151P" }, "geometry": { "type": "Point", "coordinates": [ 7.653052, 51.958288 ] } },
{ "type": "Feature", "properties": { "stop_id": "4590103", "stop_name": "Ersatzhaltestelle Twenteweg", "location_type": null, "parent_station": "45901P" }, "geometry": { "type": "Point", "coordinates": [ 7.569246, 51.973873 ] } },
{ "type": "Feature", "properties": { "stop_id": "4712103", "stop_name": "Wolbecker Windmühle C", "location_type": null, "parent_station": "47121P" }, "geometry": { "type": "Point", "coordinates": [ 7.722555, 51.929048 ] } },
{ "type": "Feature", "properties": { "stop_id": "4746104", "stop_name": "Wolbeck Schulzentrum C", "location_type": null, "parent_station": "47461P" }, "geometry": { "type": "Point", "coordinates": [ 7.717553, 51.915955 ] } }
]
}
